#,Date Heure,Temp. (°C) LGR S/N: 20330660,  #20330660,Coupleur détaché LGR S/N: 20330660,Coupleur attaché LGR S/N: 20330660,Hôte connecté LGR S/N: 20330660,Arrêté LGR S/N: 20330660,Fin de fichier LGR S/N: 20330660
1,18/08/21 10:00:00,27.038,Enregistré,,,,
2,18/08/21 10:05:00,26.940,,,,,
3,18/08/21 10:10:00,26.891,,,,,
4,18/08/21 10:15:00,26.891,,,,,
5,18/08/21 10:20:00,26.867,,,,,
6,18/08/21 10:25:00,26.769,,,,,
7,18/08/21 10:30:00,26.646,,,,,
8,18/08/21 10:35:00,26.524,,,,,
9,18/08/21 10:40:00,26.451,,,,,
10,18/08/21 10:45:00,26.402,,,,,
11,18/08/21 10:50:00,26.426,,,,,
12,18/08/21 10:55:00,26.475,,,,,
13,18/08/21 11:00:00,27.776,,,,,
14,18/08/21 11:05:00,27.628,,,,,
15,18/08/21 11:10:00,27.505,,,,,
16,18/08/21 11:15:00,27.481,,,,,
17,18/08/21 11:20:00,28.369,,,,,
18,18/08/21 11:25:00,27.259,,,,,
19,18/08/21 11:30:00,26.598,,,,,
20,18/08/21 11:35:00,26.378,,,,,
21,18/08/21 11:40:00,26.207,,,,,
22,18/08/21 11:45:00,26.158,,,,,
23,18/08/21 11:50:00,26.451,,,,,
24,18/08/21 11:55:00,26.573,,,,,
25,18/08/21 12:00:00,26.769,,,,,
26,18/08/21 12:05:00,26.842,,,,,
27,18/08/21 12:10:00,26.818,,,,,
28,18/08/21 12:15:00,26.867,,,,,
29,18/08/21 12:20:00,26.916,,,,,
30,18/08/21 12:25:00,26.891,,,,,
31,18/08/21 12:30:00,26.891,,,,,
32,18/08/21 12:35:00,26.965,,,,,
33,18/08/21 12:40:00,26.965,,,,,
34,18/08/21 12:45:00,26.916,,,,,
35,18/08/21 12:50:00,26.916,,,,,
36,18/08/21 12:55:00,26.891,,,,,
37,18/08/21 13:00:00,26.818,,,,,
38,18/08/21 13:05:00,26.695,,,,,
39,18/08/21 13:10:00,26.720,,,,,
40,18/08/21 13:15:00,26.720,,,,,
41,18/08/21 13:20:00,26.720,,,,,
42,18/08/21 13:25:00,26.744,,,,,
43,18/08/21 13:30:00,26.744,,,,,
44,18/08/21 13:35:00,26.769,,,,,
45,18/08/21 13:40:00,26.793,,,,,
46,18/08/21 13:45:00,26.793,,,,,
47,18/08/21 13:50:00,26.793,,,,,
48,18/08/21 13:55:00,26.744,,,,,
49,18/08/21 14:00:00,26.720,,,,,
50,18/08/21 14:05:00,26.695,,,,,
51,18/08/21 14:10:00,26.720,,,,,
52,18/08/21 14:15:00,26.720,,,,,
53,18/08/21 14:20:00,26.720,,,,,
54,18/08/21 14:25:00,26.720,,,,,
55,18/08/21 14:30:00,26.720,,,,,
56,18/08/21 14:35:00,26.720,,,,,
57,18/08/21 14:40:00,26.720,,,,,
58,18/08/21 14:45:00,26.744,,,,,
59,18/08/21 14:50:00,26.793,,,,,
60,18/08/21 14:55:00,26.842,,,,,
61,18/08/21 15:00:00,26.867,,,,,
62,18/08/21 15:05:00,26.891,,,,,
63,18/08/21 15:10:00,26.916,,,,,
64,18/08/21 15:15:00,26.916,,,,,
65,18/08/21 15:20:00,26.940,,,,,
66,18/08/21 15:25:00,26.940,,,,,
67,18/08/21 15:30:00,26.940,,,,,
68,18/08/21 15:35:00,26.940,,,,,
69,18/08/21 15:40:00,26.940,,,,,
70,18/08/21 15:45:00,26.940,,,,,
71,18/08/21 15:50:00,26.940,,,,,
72,18/08/21 15:55:00,26.940,,,,,
73,18/08/21 16:00:00,26.940,,,,,
74,18/08/21 16:05:00,26.965,,,,,
75,18/08/21 16:10:00,26.965,,,,,
76,18/08/21 16:15:00,26.940,,,,,
77,18/08/21 16:20:00,26.940,,,,,
78,18/08/21 16:25:00,26.940,,,,,
79,18/08/21 16:30:00,26.940,,,,,
80,18/08/21 16:35:00,26.940,,,,,
81,18/08/21 16:40:00,26.940,,,,,
82,18/08/21 16:45:00,26.940,,,,,
83,18/08/21 16:50:00,26.940,,,,,
84,18/08/21 16:55:00,26.916,,,,,
85,18/08/21 17:00:00,26.916,,,,,
86,18/08/21 17:05:00,26.916,,,,,
87,18/08/21 17:10:00,26.916,,,,,
88,18/08/21 17:15:00,26.916,,,,,
89,18/08/21 17:20:00,26.916,,,,,
90,18/08/21 17:25:00,26.916,,,,,
91,18/08/21 17:30:00,26.916,,,,,
92,18/08/21 17:35:00,26.916,,,,,
93,18/08/21 17:40:00,26.916,,,,,
94,18/08/21 17:45:00,26.916,,,,,
95,18/08/21 17:50:00,26.916,,,,,
96,18/08/21 17:55:00,26.916,,,,,
97,18/08/21 18:00:00,26.916,,,,,
98,18/08/21 18:05:00,26.916,,,,,
99,18/08/21 18:10:00,26.916,,,,,
100,18/08/21 18:15:00,26.916,,,,,
101,18/08/21 18:20:00,26.916,,,,,
102,18/08/21 18:25:00,26.891,,,,,
103,18/08/21 18:30:00,26.891,,,,,
104,18/08/21 18:35:00,26.891,,,,,
105,18/08/21 18:40:00,26.891,,,,,
106,18/08/21 18:45:00,26.891,,,,,
107,18/08/21 18:50:00,26.891,,,,,
108,18/08/21 18:55:00,26.891,,,,,
109,18/08/21 19:00:00,26.891,,,,,
110,18/08/21 19:05:00,26.891,,,,,
111,18/08/21 19:10:00,26.891,,,,,
112,18/08/21 19:15:00,26.891,,,,,
113,18/08/21 19:20:00,26.891,,,,,
114,18/08/21 19:25:00,26.891,,,,,
115,18/08/21 19:30:00,26.891,,,,,
116,18/08/21 19:35:00,26.891,,,,,
117,18/08/21 19:40:00,26.891,,,,,
118,18/08/21 19:45:00,26.891,,,,,
119,18/08/21 19:50:00,26.867,,,,,
120,18/08/21 19:55:00,26.867,,,,,
121,18/08/21 20:00:00,26.867,,,,,
122,18/08/21 20:05:00,26.867,,,,,
123,18/08/21 20:10:00,26.867,,,,,
124,18/08/21 20:15:00,26.867,,,,,
125,18/08/21 20:20:00,26.867,,,,,
126,18/08/21 20:25:00,26.867,,,,,
127,18/08/21 20:30:00,26.867,,,,,
128,18/08/21 20:35:00,26.867,,,,,
129,18/08/21 20:40:00,26.867,,,,,
130,18/08/21 20:45:00,26.867,,,,,
131,18/08/21 20:50:00,26.867,,,,,
132,18/08/21 20:55:00,26.867,,,,,
133,18/08/21 21:00:00,26.867,,,,,
134,18/08/21 21:05:00,26.867,,,,,
135,18/08/21 21:10:00,26.867,,,,,
136,18/08/21 21:15:00,26.867,,,,,
137,18/08/21 21:20:00,26.867,,,,,
138,18/08/21 21:25:00,26.867,,,,,
139,18/08/21 21:30:00,26.867,,,,,
140,18/08/21 21:35:00,26.867,,,,,
141,18/08/21 21:40:00,26.867,,,,,
142,18/08/21 21:45:00,26.867,,,,,
143,18/08/21 21:50:00,26.598,,,,,
144,18/08/21 21:55:00,26.304,,,,,
145,18/08/21 22:00:00,26.256,,,,,
146,18/08/21 22:05:00,26.182,,,,,
147,18/08/21 22:10:00,26.158,,,,,
148,18/08/21 22:15:00,26.158,,,,,
149,18/08/21 22:20:00,26.207,,,,,
150,18/08/21 22:25:00,26.207,,,,,
151,18/08/21 22:30:00,26.256,,,,,
152,18/08/21 22:35:00,26.402,,,,,
153,18/08/21 22:40:00,26.426,,,,,
154,18/08/21 22:45:00,26.475,,,,,
155,18/08/21 22:50:00,26.573,,,,,
156,18/08/21 22:55:00,26.646,,,,,
157,18/08/21 23:00:00,26.646,,,,,
158,18/08/21 23:05:00,26.671,,,,,
159,18/08/21 23:10:00,26.695,,,,,
160,18/08/21 23:15:00,26.695,,,,,
161,18/08/21 23:20:00,26.720,,,,,
162,18/08/21 23:25:00,26.793,,,,,
163,18/08/21 23:30:00,26.818,,,,,
164,18/08/21 23:35:00,26.818,,,,,
165,18/08/21 23:40:00,26.793,,,,,
166,18/08/21 23:45:00,26.818,,,,,
167,18/08/21 23:50:00,26.818,,,,,
168,18/08/21 23:55:00,26.818,,,,,
169,18/08/22 00:00:00,26.598,,,,,
170,18/08/22 00:05:00,26.378,,,,,
171,18/08/22 00:10:00,26.329,,,,,
172,18/08/22 00:15:00,26.304,,,,,
173,18/08/22 00:20:00,26.378,,,,,
174,18/08/22 00:25:00,26.451,,,,,
175,18/08/22 00:30:00,26.549,,,,,
176,18/08/22 00:35:00,26.573,,,,,
177,18/08/22 00:40:00,26.720,,,,,
178,18/08/22 00:45:00,26.769,,,,,
179,18/08/22 00:50:00,26.793,,,,,
180,18/08/22 00:55:00,26.818,,,,,
181,18/08/22 01:00:00,26.793,,,,,
182,18/08/22 01:05:00,26.793,,,,,
183,18/08/22 01:10:00,26.793,,,,,
184,18/08/22 01:15:00,26.793,,,,,
185,18/08/22 01:20:00,26.793,,,,,
186,18/08/22 01:25:00,26.818,,,,,
187,18/08/22 01:30:00,26.818,,,,,
188,18/08/22 01:35:00,26.818,,,,,
189,18/08/22 01:40:00,26.818,,,,,
190,18/08/22 01:45:00,26.818,,,,,
191,18/08/22 01:50:00,26.818,,,,,
192,18/08/22 01:55:00,26.818,,,,,
193,18/08/22 02:00:00,26.671,,,,,
194,18/08/22 02:05:00,26.622,,,,,
195,18/08/22 02:10:00,26.646,,,,,
196,18/08/22 02:15:00,26.671,,,,,
197,18/08/22 02:20:00,26.695,,,,,
198,18/08/22 02:25:00,26.695,,,,,
199,18/08/22 02:30:00,26.744,,,,,
200,18/08/22 02:35:00,26.769,,,,,
201,18/08/22 02:40:00,26.793,,,,,
202,18/08/22 02:45:00,26.818,,,,,
203,18/08/22 02:50:00,26.818,,,,,
204,18/08/22 02:55:00,26.818,,,,,
205,18/08/22 03:00:00,26.818,,,,,
206,18/08/22 03:05:00,26.818,,,,,
207,18/08/22 03:10:00,26.818,,,,,
208,18/08/22 03:15:00,26.818,,,,,
209,18/08/22 03:20:00,26.818,,,,,
210,18/08/22 03:25:00,26.818,,,,,
211,18/08/22 03:30:00,26.818,,,,,
212,18/08/22 03:35:00,26.818,,,,,
213,18/08/22 03:40:00,26.818,,,,,
214,18/08/22 03:45:00,26.818,,,,,
215,18/08/22 03:50:00,26.818,,,,,
216,18/08/22 03:55:00,26.818,,,,,
217,18/08/22 04:00:00,26.818,,,,,
218,18/08/22 04:05:00,26.818,,,,,
219,18/08/22 04:10:00,26.818,,,,,
220,18/08/22 04:15:00,26.818,,,,,
221,18/08/22 04:20:00,26.818,,,,,
222,18/08/22 04:25:00,26.818,,,,,
223,18/08/22 04:30:00,26.818,,,,,
224,18/08/22 04:35:00,26.818,,,,,
225,18/08/22 04:40:00,26.818,,,,,
226,18/08/22 04:45:00,26.793,,,,,
227,18/08/22 04:50:00,26.769,,,,,
228,18/08/22 04:55:00,26.769,,,,,
229,18/08/22 05:00:00,26.793,,,,,
230,18/08/22 05:05:00,26.793,,,,,
231,18/08/22 05:10:00,26.793,,,,,
232,18/08/22 05:15:00,26.793,,,,,
233,18/08/22 05:20:00,26.793,,,,,
234,18/08/22 05:25:00,26.793,,,,,
235,18/08/22 05:30:00,26.793,,,,,
236,18/08/22 05:35:00,26.793,,,,,
237,18/08/22 05:40:00,26.793,,,,,
238,18/08/22 05:45:00,26.793,,,,,
239,18/08/22 05:50:00,26.793,,,,,
240,18/08/22 05:55:00,26.793,,,,,
241,18/08/22 06:00:00,26.793,,,,,
242,18/08/22 06:05:00,26.793,,,,,
243,18/08/22 06:10:00,26.793,,,,,
244,18/08/22 06:15:00,26.793,,,,,
245,18/08/22 06:20:00,26.793,,,,,
246,18/08/22 06:25:00,26.793,,,,,
247,18/08/22 06:30:00,26.793,,,,,
248,18/08/22 06:35:00,26.793,,,,,
249,18/08/22 06:40:00,26.793,,,,,
250,18/08/22 06:45:00,26.793,,,,,
251,18/08/22 06:50:00,26.793,,,,,
252,18/08/22 06:55:00,26.793,,,,,
253,18/08/22 07:00:00,26.818,,,,,
254,18/08/22 07:05:00,26.818,,,,,
255,18/08/22 07:10:00,26.818,,,,,
256,18/08/22 07:15:00,26.818,,,,,
257,18/08/22 07:20:00,26.818,,,,,
258,18/08/22 07:25:00,26.818,,,,,
259,18/08/22 07:30:00,26.818,,,,,
260,18/08/22 07:35:00,26.818,,,,,
261,18/08/22 07:40:00,26.842,,,,,
262,18/08/22 07:45:00,26.842,,,,,
263,18/08/22 07:50:00,26.842,,,,,
264,18/08/22 07:55:00,26.842,,,,,
265,18/08/22 08:00:00,26.842,,,,,
266,18/08/22 08:05:00,26.842,,,,,
267,18/08/22 08:10:00,26.842,,,,,
268,18/08/22 08:15:00,26.842,,,,,
269,18/08/22 08:20:00,26.867,,,,,
270,18/08/22 08:25:00,26.867,,,,,
271,18/08/22 08:30:00,26.867,,,,,
272,18/08/22 08:35:00,26.867,,,,,
273,18/08/22 08:40:00,26.891,,,,,
274,18/08/22 08:45:00,26.891,,,,,
275,18/08/22 08:50:00,26.867,,,,,
276,18/08/22 08:55:00,26.867,,,,,
277,18/08/22 09:00:00,26.867,,,,,
278,18/08/22 09:05:00,26.867,,,,,
279,18/08/22 09:10:00,26.818,,,,,
280,18/08/22 09:15:00,26.818,,,,,
281,18/08/22 09:20:00,26.891,,,,,
282,18/08/22 09:25:00,26.867,,,,,
283,18/08/22 09:30:00,26.891,,,,,
284,18/08/22 09:35:00,26.891,,,,,
285,18/08/22 09:40:00,26.842,,,,,
286,18/08/22 09:45:00,26.867,,,,,
287,18/08/22 09:50:00,26.867,,,,,
288,18/08/22 09:55:00,26.867,,,,,
289,18/08/22 10:00:00,26.867,,,,,
290,18/08/22 10:05:00,26.965,,,,,
291,18/08/22 10:10:00,26.965,,,,,
292,18/08/22 10:15:00,26.989,,,,,
293,18/08/22 10:20:00,26.989,,,,,
294,18/08/22 10:25:00,26.916,,,,,
295,18/08/22 10:30:00,26.891,,,,,
296,18/08/22 10:35:00,26.891,,,,,
297,18/08/22 10:40:00,26.916,,,,,
298,18/08/22 10:45:00,26.891,,,,,
299,18/08/22 10:50:00,26.891,,,,,
300,18/08/22 10:55:00,26.891,,,,,
301,18/08/22 11:00:00,26.891,,,,,
302,18/08/22 11:05:00,26.916,,,,,
303,18/08/22 11:10:00,26.916,,,,,
304,18/08/22 11:15:00,26.940,,,,,
305,18/08/22 11:20:00,26.989,,,,,
306,18/08/22 11:25:00,26.940,,,,,
307,18/08/22 11:30:00,26.940,,,,,
308,18/08/22 11:35:00,26.940,,,,,
309,18/08/22 11:40:00,26.916,,,,,
310,18/08/22 11:45:00,26.916,,,,,
311,18/08/22 11:50:00,26.916,,,,,
312,18/08/22 11:55:00,26.916,,,,,
313,18/08/22 12:00:00,26.916,,,,,
314,18/08/22 12:05:00,26.916,,,,,
315,18/08/22 12:10:00,26.916,,,,,
316,18/08/22 12:15:00,26.916,,,,,
317,18/08/22 12:20:00,26.940,,,,,
318,18/08/22 12:25:00,26.940,,,,,
319,18/08/22 12:30:00,26.940,,,,,
320,18/08/22 12:35:00,26.940,,,,,
321,18/08/22 12:40:00,26.940,,,,,
322,18/08/22 12:45:00,26.940,,,,,
323,18/08/22 12:50:00,26.940,,,,,
324,18/08/22 12:55:00,26.965,,,,,
325,18/08/22 13:00:00,26.940,,,,,
326,18/08/22 13:05:00,26.940,,,,,
327,18/08/22 13:10:00,26.940,,,,,
328,18/08/22 13:15:00,27.014,,,,,
329,18/08/22 13:20:00,26.989,,,,,
330,18/08/22 13:25:00,26.965,,,,,
331,18/08/22 13:30:00,26.940,,,,,
332,18/08/22 13:35:00,26.940,,,,,
333,18/08/22 13:40:00,26.940,,,,,
334,18/08/22 13:45:00,26.940,,,,,
335,18/08/22 13:50:00,26.940,,,,,
336,18/08/22 13:55:00,26.916,,,,,
337,18/08/22 14:00:00,26.940,,,,,
338,18/08/22 14:05:00,26.965,,,,,
339,18/08/22 14:10:00,26.965,,,,,
340,18/08/22 14:15:00,26.965,,,,,
341,18/08/22 14:20:00,26.965,,,,,
342,18/08/22 14:25:00,26.989,,,,,
343,18/08/22 14:30:00,26.989,,,,,
344,18/08/22 14:35:00,26.989,,,,,
345,18/08/22 14:40:00,26.965,,,,,
346,18/08/22 14:45:00,26.940,,,,,
347,18/08/22 14:50:00,26.916,,,,,
348,18/08/22 14:55:00,26.916,,,,,
349,18/08/22 15:00:00,26.916,,,,,
350,18/08/22 15:05:00,26.891,,,,,
351,18/08/22 15:10:00,26.916,,,,,
352,18/08/22 15:15:00,26.916,,,,,
353,18/08/22 15:20:00,26.916,,,,,
354,18/08/22 15:25:00,26.916,,,,,
355,18/08/22 15:30:00,26.891,,,,,
356,18/08/22 15:35:00,26.891,,,,,
357,18/08/22 15:40:00,26.891,,,,,
358,18/08/22 15:45:00,26.891,,,,,
359,18/08/22 15:50:00,26.891,,,,,
360,18/08/22 15:55:00,26.891,,,,,
361,18/08/22 16:00:00,26.891,,,,,
362,18/08/22 16:05:00,26.891,,,,,
363,18/08/22 16:10:00,26.891,,,,,
364,18/08/22 16:15:00,26.891,,,,,
365,18/08/22 16:20:00,26.891,,,,,
366,18/08/22 16:25:00,26.891,,,,,
367,18/08/22 16:30:00,26.891,,,,,
368,18/08/22 16:35:00,26.891,,,,,
369,18/08/22 16:40:00,26.891,,,,,
370,18/08/22 16:45:00,26.891,,,,,
371,18/08/22 16:50:00,26.891,,,,,
372,18/08/22 16:55:00,26.867,,,,,
373,18/08/22 17:00:00,26.867,,,,,
374,18/08/22 17:05:00,26.867,,,,,
375,18/08/22 17:10:00,26.867,,,,,
376,18/08/22 17:15:00,26.867,,,,,
377,18/08/22 17:20:00,26.867,,,,,
378,18/08/22 17:25:00,26.867,,,,,
379,18/08/22 17:30:00,26.867,,,,,
380,18/08/22 17:35:00,26.867,,,,,
381,18/08/22 17:40:00,26.867,,,,,
382,18/08/22 17:45:00,26.867,,,,,
383,18/08/22 17:50:00,26.867,,,,,
384,18/08/22 17:55:00,26.867,,,,,
385,18/08/22 18:00:00,26.867,,,,,
386,18/08/22 18:05:00,26.867,,,,,
387,18/08/22 18:10:00,26.867,,,,,
388,18/08/22 18:15:00,26.867,,,,,
389,18/08/22 18:20:00,26.867,,,,,
390,18/08/22 18:25:00,26.867,,,,,
391,18/08/22 18:30:00,26.867,,,,,
392,18/08/22 18:35:00,26.842,,,,,
393,18/08/22 18:40:00,26.842,,,,,
394,18/08/22 18:45:00,26.842,,,,,
395,18/08/22 18:50:00,26.842,,,,,
396,18/08/22 18:55:00,26.842,,,,,
397,18/08/22 19:00:00,26.842,,,,,
398,18/08/22 19:05:00,26.842,,,,,
399,18/08/22 19:10:00,26.842,,,,,
400,18/08/22 19:15:00,26.842,,,,,
401,18/08/22 19:20:00,26.842,,,,,
402,18/08/22 19:25:00,26.842,,,,,
403,18/08/22 19:30:00,26.842,,,,,
404,18/08/22 19:35:00,26.842,,,,,
405,18/08/22 19:40:00,26.842,,,,,
406,18/08/22 19:45:00,26.842,,,,,
407,18/08/22 19:50:00,26.842,,,,,
408,18/08/22 19:55:00,26.842,,,,,
409,18/08/22 20:00:00,26.842,,,,,
410,18/08/22 20:05:00,26.842,,,,,
411,18/08/22 20:10:00,26.842,,,,,
412,18/08/22 20:15:00,26.842,,,,,
413,18/08/22 20:20:00,26.818,,,,,
414,18/08/22 20:25:00,26.818,,,,,
415,18/08/22 20:30:00,26.818,,,,,
416,18/08/22 20:35:00,26.818,,,,,
417,18/08/22 20:40:00,26.818,,,,,
418,18/08/22 20:45:00,26.818,,,,,
419,18/08/22 20:50:00,26.818,,,,,
420,18/08/22 20:55:00,26.818,,,,,
421,18/08/22 21:00:00,26.818,,,,,
422,18/08/22 21:05:00,26.818,,,,,
423,18/08/22 21:10:00,26.818,,,,,
424,18/08/22 21:15:00,26.818,,,,,
425,18/08/22 21:20:00,26.818,,,,,
426,18/08/22 21:25:00,26.818,,,,,
427,18/08/22 21:30:00,26.818,,,,,
428,18/08/22 21:35:00,26.818,,,,,
429,18/08/22 21:40:00,26.818,,,,,
430,18/08/22 21:45:00,26.818,,,,,
431,18/08/22 21:50:00,26.818,,,,,
432,18/08/22 21:55:00,26.818,,,,,
433,18/08/22 22:00:00,26.818,,,,,
434,18/08/22 22:05:00,26.818,,,,,
435,18/08/22 22:10:00,26.818,,,,,
436,18/08/22 22:15:00,26.818,,,,,
437,18/08/22 22:20:00,26.769,,,,,
438,18/08/22 22:25:00,26.744,,,,,
439,18/08/22 22:30:00,26.769,,,,,
440,18/08/22 22:35:00,26.769,,,,,
441,18/08/22 22:40:00,26.769,,,,,
442,18/08/22 22:45:00,26.769,,,,,
443,18/08/22 22:50:00,26.744,,,,,
444,18/08/22 22:55:00,26.720,,,,,
445,18/08/22 23:00:00,26.695,,,,,
446,18/08/22 23:05:00,26.695,,,,,
447,18/08/22 23:10:00,26.720,,,,,
448,18/08/22 23:15:00,26.720,,,,,
449,18/08/22 23:20:00,26.720,,,,,
450,18/08/22 23:25:00,26.744,,,,,
451,18/08/22 23:30:00,26.744,,,,,
452,18/08/22 23:35:00,26.744,,,,,
453,18/08/22 23:40:00,26.769,,,,,
454,18/08/22 23:45:00,26.769,,,,,
455,18/08/22 23:50:00,26.769,,,,,
456,18/08/22 23:55:00,26.769,,,,,
457,18/08/23 00:00:00,26.769,,,,,
458,18/08/23 00:05:00,26.769,,,,,
459,18/08/23 00:10:00,26.769,,,,,
460,18/08/23 00:15:00,26.769,,,,,
461,18/08/23 00:20:00,26.769,,,,,
462,18/08/23 00:25:00,26.769,,,,,
463,18/08/23 00:30:00,26.769,,,,,
464,18/08/23 00:35:00,26.769,,,,,
465,18/08/23 00:40:00,26.769,,,,,
466,18/08/23 00:45:00,26.769,,,,,
467,18/08/23 00:50:00,26.793,,,,,
468,18/08/23 00:55:00,26.793,,,,,
469,18/08/23 01:00:00,26.793,,,,,
470,18/08/23 01:05:00,26.793,,,,,
471,18/08/23 01:10:00,26.793,,,,,
472,18/08/23 01:15:00,26.793,,,,,
473,18/08/23 01:20:00,26.793,,,,,
474,18/08/23 01:25:00,26.793,,,,,
475,18/08/23 01:30:00,26.793,,,,,
476,18/08/23 01:35:00,26.793,,,,,
477,18/08/23 01:40:00,26.793,,,,,
478,18/08/23 01:45:00,26.793,,,,,
479,18/08/23 01:50:00,26.793,,,,,
480,18/08/23 01:55:00,26.793,,,,,
481,18/08/23 02:00:00,26.793,,,,,
482,18/08/23 02:05:00,26.793,,,,,
483,18/08/23 02:10:00,26.793,,,,,
484,18/08/23 02:15:00,26.793,,,,,
485,18/08/23 02:20:00,26.793,,,,,
486,18/08/23 02:25:00,26.793,,,,,
487,18/08/23 02:30:00,26.793,,,,,
488,18/08/23 02:35:00,26.793,,,,,
489,18/08/23 02:40:00,26.769,,,,,
490,18/08/23 02:45:00,26.769,,,,,
491,18/08/23 02:50:00,26.769,,,,,
492,18/08/23 02:55:00,26.769,,,,,
493,18/08/23 03:00:00,26.769,,,,,
494,18/08/23 03:05:00,26.769,,,,,
495,18/08/23 03:10:00,26.769,,,,,
496,18/08/23 03:15:00,26.793,,,,,
497,18/08/23 03:20:00,26.793,,,,,
498,18/08/23 03:25:00,26.793,,,,,
499,18/08/23 03:30:00,26.793,,,,,
500,18/08/23 03:35:00,26.793,,,,,
501,18/08/23 03:40:00,26.793,,,,,
502,18/08/23 03:45:00,26.793,,,,,
503,18/08/23 03:50:00,26.769,,,,,
504,18/08/23 03:55:00,26.769,,,,,
505,18/08/23 04:00:00,26.769,,,,,
506,18/08/23 04:05:00,26.769,,,,,
507,18/08/23 04:10:00,26.769,,,,,
508,18/08/23 04:15:00,26.769,,,,,
509,18/08/23 04:20:00,26.769,,,,,
510,18/08/23 04:25:00,26.769,,,,,
511,18/08/23 04:30:00,26.769,,,,,
512,18/08/23 04:35:00,26.769,,,,,
513,18/08/23 04:40:00,26.500,,,,,
514,18/08/23 04:45:00,26.475,,,,,
515,18/08/23 04:50:00,26.451,,,,,
516,18/08/23 04:55:00,26.451,,,,,
517,18/08/23 05:00:00,26.475,,,,,
518,18/08/23 05:05:00,26.500,,,,,
519,18/08/23 05:10:00,26.549,,,,,
520,18/08/23 05:15:00,26.573,,,,,
521,18/08/23 05:20:00,26.598,,,,,
522,18/08/23 05:25:00,26.549,,,,,
523,18/08/23 05:30:00,26.549,,,,,
524,18/08/23 05:35:00,26.598,,,,,
525,18/08/23 05:40:00,26.646,,,,,
526,18/08/23 05:45:00,26.671,,,,,
527,18/08/23 05:50:00,26.695,,,,,
528,18/08/23 05:55:00,26.720,,,,,
529,18/08/23 06:00:00,26.720,,,,,
530,18/08/23 06:05:00,26.720,,,,,
531,18/08/23 06:10:00,26.671,,,,,
532,18/08/23 06:15:00,26.622,,,,,
533,18/08/23 06:20:00,26.622,,,,,
534,18/08/23 06:25:00,26.646,,,,,
535,18/08/23 06:30:00,26.646,,,,,
536,18/08/23 06:35:00,26.646,,,,,
537,18/08/23 06:40:00,26.671,,,,,
538,18/08/23 06:45:00,26.695,,,,,
539,18/08/23 06:50:00,26.695,,,,,
540,18/08/23 06:55:00,26.720,,,,,
541,18/08/23 07:00:00,26.720,,,,,
542,18/08/23 07:05:00,26.744,,,,,
543,18/08/23 07:10:00,26.744,,,,,
544,18/08/23 07:15:00,26.744,,,,,
545,18/08/23 07:20:00,26.769,,,,,
546,18/08/23 07:25:00,26.769,,,,,
547,18/08/23 07:30:00,26.769,,,,,
548,18/08/23 07:35:00,26.769,,,,,
549,18/08/23 07:40:00,26.793,,,,,
550,18/08/23 07:45:00,26.793,,,,,
551,18/08/23 07:50:00,26.793,,,,,
552,18/08/23 07:55:00,26.793,,,,,
553,18/08/23 08:00:00,26.793,,,,,
554,18/08/23 08:05:00,26.818,,,,,
555,18/08/23 08:10:00,26.842,,,,,
556,18/08/23 08:15:00,26.818,,,,,
557,18/08/23 08:20:00,26.818,,,,,
558,18/08/23 08:25:00,26.842,,,,,
559,18/08/23 08:30:00,26.818,,,,,
560,18/08/23 08:35:00,26.867,,,,,
561,18/08/23 08:40:00,26.867,,,,,
562,18/08/23 08:45:00,26.867,,,,,
563,18/08/23 08:50:00,26.891,,,,,
564,18/08/23 08:55:00,26.891,,,,,
565,18/08/23 09:00:00,26.891,,,,,
566,18/08/23 09:05:00,26.891,,,,,
567,18/08/23 09:10:00,26.891,,,,,
568,18/08/23 09:15:00,26.891,,,,,
569,18/08/23 09:20:00,26.916,,,,,
570,18/08/23 09:25:00,26.916,,,,,
571,18/08/23 09:30:00,26.940,,,,,
572,18/08/23 09:35:00,26.940,,,,,
573,18/08/23 09:40:00,26.940,,,,,
574,18/08/23 09:45:00,26.940,,,,,
575,18/08/23 09:50:00,26.940,,,,,
576,18/08/23 09:55:00,26.940,,,,,
577,18/08/23 10:00:00,26.940,,,,,
578,18/08/23 10:05:00,26.965,,,,,
579,18/08/23 10:10:00,26.940,,,,,
580,18/08/23 10:15:00,26.965,,,,,
581,18/08/23 10:20:00,26.989,,,,,
582,18/08/23 10:25:00,26.989,,,,,
583,18/08/23 10:30:00,26.965,,,,,
584,18/08/23 10:35:00,26.965,,,,,
585,18/08/23 10:40:00,26.989,,,,,
586,18/08/23 10:45:00,26.989,,,,,
587,18/08/23 10:50:00,26.989,,,,,
588,18/08/23 10:55:00,26.989,,,,,
589,18/08/23 11:00:00,26.989,,,,,
590,18/08/23 11:05:00,26.989,,,,,
591,18/08/23 11:10:00,26.989,,,,,
592,18/08/23 11:15:00,26.989,,,,,
593,18/08/23 11:20:00,26.989,,,,,
594,18/08/23 11:25:00,27.014,,,,,
595,18/08/23 11:30:00,26.989,,,,,
596,18/08/23 11:35:00,26.989,,,,,
597,18/08/23 11:40:00,27.014,,,,,
598,18/08/23 11:45:00,27.014,,,,,
599,18/08/23 11:50:00,27.014,,,,,
600,18/08/23 11:55:00,27.014,,,,,
601,18/08/23 12:00:00,27.014,,,,,
602,18/08/23 12:05:00,27.014,,,,,
603,18/08/23 12:10:00,27.014,,,,,
604,18/08/23 12:15:00,26.989,,,,,
605,18/08/23 12:20:00,27.014,,,,,
606,18/08/23 12:25:00,26.989,,,,,
607,18/08/23 12:30:00,27.038,,,,,
608,18/08/23 12:35:00,27.014,,,,,
609,18/08/23 12:40:00,26.989,,,,,
610,18/08/23 12:45:00,26.989,,,,,
611,18/08/23 12:50:00,26.989,,,,,
612,18/08/23 12:55:00,26.989,,,,,
613,18/08/23 13:00:00,26.989,,,,,
614,18/08/23 13:05:00,26.989,,,,,
615,18/08/23 13:10:00,26.965,,,,,
616,18/08/23 13:15:00,26.965,,,,,
617,18/08/23 13:20:00,26.965,,,,,
618,18/08/23 13:25:00,26.965,,,,,
619,18/08/23 13:30:00,26.989,,,,,
620,18/08/23 13:35:00,26.989,,,,,
621,18/08/23 13:40:00,26.965,,,,,
622,18/08/23 13:45:00,26.965,,,,,
623,18/08/23 13:50:00,26.940,,,,,
624,18/08/23 13:55:00,26.940,,,,,
625,18/08/23 14:00:00,26.940,,,,,
626,18/08/23 14:05:00,26.940,,,,,
627,18/08/23 14:10:00,26.940,,,,,
628,18/08/23 14:15:00,26.916,,,,,
629,18/08/23 14:20:00,26.916,,,,,
630,18/08/23 14:25:00,26.891,,,,,
631,18/08/23 14:30:00,26.916,,,,,
632,18/08/23 14:35:00,26.940,,,,,
633,18/08/23 14:40:00,26.916,,,,,
634,18/08/23 14:45:00,26.916,,,,,
635,18/08/23 14:50:00,26.891,,,,,
636,18/08/23 14:55:00,26.891,,,,,
637,18/08/23 15:00:00,26.891,,,,,
638,18/08/23 15:05:00,26.891,,,,,
639,18/08/23 15:10:00,26.891,,,,,
640,18/08/23 15:15:00,26.891,,,,,
641,18/08/23 15:20:00,26.891,,,,,
642,18/08/23 15:25:00,26.867,,,,,
643,18/08/23 15:30:00,26.867,,,,,
644,18/08/23 15:35:00,26.867,,,,,
645,18/08/23 15:40:00,26.867,,,,,
646,18/08/23 15:45:00,26.867,,,,,
647,18/08/23 15:50:00,26.867,,,,,
648,18/08/23 15:55:00,26.867,,,,,
649,18/08/23 16:00:00,26.867,,,,,
650,18/08/23 16:05:00,26.891,,,,,
651,18/08/23 16:10:00,26.891,,,,,
652,18/08/23 16:15:00,26.891,,,,,
653,18/08/23 16:20:00,26.891,,,,,
654,18/08/23 16:25:00,26.891,,,,,
655,18/08/23 16:30:00,26.891,,,,,
656,18/08/23 16:35:00,26.891,,,,,
657,18/08/23 16:40:00,26.891,,,,,
658,18/08/23 16:45:00,26.891,,,,,
659,18/08/23 16:50:00,26.891,,,,,
660,18/08/23 16:55:00,26.891,,,,,
661,18/08/23 17:00:00,26.891,,,,,
662,18/08/23 17:05:00,26.891,,,,,
663,18/08/23 17:10:00,26.891,,,,,
664,18/08/23 17:15:00,26.891,,,,,
665,18/08/23 17:20:00,26.891,,,,,
666,18/08/23 17:25:00,26.891,,,,,
667,18/08/23 17:30:00,26.867,,,,,
668,18/08/23 17:35:00,26.867,,,,,
669,18/08/23 17:40:00,26.867,,,,,
670,18/08/23 17:45:00,26.867,,,,,
671,18/08/23 17:50:00,26.867,,,,,
672,18/08/23 17:55:00,26.867,,,,,
673,18/08/23 18:00:00,26.867,,,,,
674,18/08/23 18:05:00,26.867,,,,,
675,18/08/23 18:10:00,26.867,,,,,
676,18/08/23 18:15:00,26.867,,,,,
677,18/08/23 18:20:00,26.867,,,,,
678,18/08/23 18:25:00,26.867,,,,,
679,18/08/23 18:30:00,26.867,,,,,
680,18/08/23 18:35:00,26.867,,,,,
681,18/08/23 18:40:00,26.842,,,,,
682,18/08/23 18:45:00,26.842,,,,,
683,18/08/23 18:50:00,26.842,,,,,
684,18/08/23 18:55:00,26.842,,,,,
685,18/08/23 19:00:00,26.842,,,,,
686,18/08/23 19:05:00,26.842,,,,,
687,18/08/23 19:10:00,26.842,,,,,
688,18/08/23 19:15:00,26.842,,,,,
689,18/08/23 19:20:00,26.842,,,,,
690,18/08/23 19:25:00,26.818,,,,,
691,18/08/23 19:30:00,26.818,,,,,
692,18/08/23 19:35:00,26.818,,,,,
693,18/08/23 19:40:00,26.818,,,,,
694,18/08/23 19:45:00,26.818,,,,,
695,18/08/23 19:50:00,26.818,,,,,
696,18/08/23 19:55:00,26.818,,,,,
697,18/08/23 20:00:00,26.818,,,,,
698,18/08/23 20:05:00,26.842,,,,,
699,18/08/23 20:10:00,26.842,,,,,
700,18/08/23 20:15:00,26.842,,,,,
701,18/08/23 20:20:00,26.842,,,,,
702,18/08/23 20:25:00,26.842,,,,,
703,18/08/23 20:30:00,26.842,,,,,
704,18/08/23 20:35:00,26.818,,,,,
705,18/08/23 20:40:00,26.818,,,,,
706,18/08/23 20:45:00,26.818,,,,,
707,18/08/23 20:50:00,26.818,,,,,
708,18/08/23 20:55:00,26.818,,,,,
709,18/08/23 21:00:00,26.818,,,,,
710,18/08/23 21:05:00,26.818,,,,,
711,18/08/23 21:10:00,26.818,,,,,
712,18/08/23 21:15:00,26.818,,,,,
713,18/08/23 21:20:00,26.818,,,,,
714,18/08/23 21:25:00,26.818,,,,,
715,18/08/23 21:30:00,26.818,,,,,
716,18/08/23 21:35:00,26.818,,,,,
717,18/08/23 21:40:00,26.818,,,,,
718,18/08/23 21:45:00,26.818,,,,,
719,18/08/23 21:50:00,26.818,,,,,
720,18/08/23 21:55:00,26.818,,,,,
721,18/08/23 22:00:00,26.818,,,,,
722,18/08/23 22:05:00,26.818,,,,,
723,18/08/23 22:10:00,26.818,,,,,
724,18/08/23 22:15:00,26.818,,,,,
725,18/08/23 22:20:00,26.818,,,,,
726,18/08/23 22:25:00,26.818,,,,,
727,18/08/23 22:30:00,26.818,,,,,
728,18/08/23 22:35:00,26.818,,,,,
729,18/08/23 22:40:00,26.793,,,,,
730,18/08/23 22:45:00,26.818,,,,,
731,18/08/23 22:50:00,26.793,,,,,
732,18/08/23 22:55:00,26.818,,,,,
733,18/08/23 23:00:00,26.818,,,,,
734,18/08/23 23:05:00,26.818,,,,,
735,18/08/23 23:10:00,26.793,,,,,
736,18/08/23 23:15:00,26.793,,,,,
737,18/08/23 23:20:00,26.793,,,,,
738,18/08/23 23:25:00,26.793,,,,,
739,18/08/23 23:30:00,26.793,,,,,
740,18/08/23 23:35:00,26.793,,,,,
741,18/08/23 23:40:00,26.793,,,,,
742,18/08/23 23:45:00,26.793,,,,,
743,18/08/23 23:50:00,26.793,,,,,
744,18/08/23 23:55:00,26.793,,,,,
745,18/08/24 00:00:00,26.793,,,,,
746,18/08/24 00:05:00,26.793,,,,,
747,18/08/24 00:10:00,26.793,,,,,
748,18/08/24 00:15:00,26.793,,,,,
749,18/08/24 00:20:00,26.793,,,,,
750,18/08/24 00:25:00,26.793,,,,,
751,18/08/24 00:30:00,26.793,,,,,
752,18/08/24 00:35:00,26.769,,,,,
753,18/08/24 00:40:00,26.769,,,,,
754,18/08/24 00:45:00,26.769,,,,,
755,18/08/24 00:50:00,26.769,,,,,
756,18/08/24 00:55:00,26.769,,,,,
757,18/08/24 01:00:00,26.769,,,,,
758,18/08/24 01:05:00,26.769,,,,,
759,18/08/24 01:10:00,26.769,,,,,
760,18/08/24 01:15:00,26.769,,,,,
761,18/08/24 01:20:00,26.769,,,,,
762,18/08/24 01:25:00,26.769,,,,,
763,18/08/24 01:30:00,26.769,,,,,
764,18/08/24 01:35:00,26.769,,,,,
765,18/08/24 01:40:00,26.769,,,,,
766,18/08/24 01:45:00,26.744,,,,,
767,18/08/24 01:50:00,26.744,,,,,
768,18/08/24 01:55:00,26.744,,,,,
769,18/08/24 02:00:00,26.769,,,,,
770,18/08/24 02:05:00,26.744,,,,,
771,18/08/24 02:10:00,26.769,,,,,
772,18/08/24 02:15:00,26.744,,,,,
773,18/08/24 02:20:00,26.769,,,,,
774,18/08/24 02:25:00,26.744,,,,,
775,18/08/24 02:30:00,26.744,,,,,
776,18/08/24 02:35:00,26.744,,,,,
777,18/08/24 02:40:00,26.744,,,,,
778,18/08/24 02:45:00,26.744,,,,,
779,18/08/24 02:50:00,26.744,,,,,
780,18/08/24 02:55:00,26.744,,,,,
781,18/08/24 03:00:00,26.769,,,,,
782,18/08/24 03:05:00,26.769,,,,,
783,18/08/24 03:10:00,26.769,,,,,
784,18/08/24 03:15:00,26.769,,,,,
785,18/08/24 03:20:00,26.769,,,,,
786,18/08/24 03:25:00,26.769,,,,,
787,18/08/24 03:30:00,26.769,,,,,
788,18/08/24 03:35:00,26.769,,,,,
789,18/08/24 03:40:00,26.769,,,,,
790,18/08/24 03:45:00,26.769,,,,,
791,18/08/24 03:50:00,26.769,,,,,
792,18/08/24 03:55:00,26.769,,,,,
793,18/08/24 04:00:00,26.769,,,,,
794,18/08/24 04:05:00,26.769,,,,,
795,18/08/24 04:10:00,26.769,,,,,
796,18/08/24 04:15:00,26.769,,,,,
797,18/08/24 04:20:00,26.769,,,,,
798,18/08/24 04:25:00,26.769,,,,,
799,18/08/24 04:30:00,26.769,,,,,
800,18/08/24 04:35:00,26.769,,,,,
801,18/08/24 04:40:00,26.769,,,,,
802,18/08/24 04:45:00,26.769,,,,,
803,18/08/24 04:50:00,26.769,,,,,
804,18/08/24 04:55:00,26.769,,,,,
805,18/08/24 05:00:00,26.769,,,,,
806,18/08/24 05:05:00,26.769,,,,,
807,18/08/24 05:10:00,26.769,,,,,
808,18/08/24 05:15:00,26.769,,,,,
809,18/08/24 05:20:00,26.744,,,,,
810,18/08/24 05:25:00,26.744,,,,,
811,18/08/24 05:30:00,26.744,,,,,
812,18/08/24 05:35:00,26.744,,,,,
813,18/08/24 05:40:00,26.744,,,,,
814,18/08/24 05:45:00,26.744,,,,,
815,18/08/24 05:50:00,26.744,,,,,
816,18/08/24 05:55:00,26.744,,,,,
817,18/08/24 06:00:00,26.744,,,,,
818,18/08/24 06:05:00,26.720,,,,,
819,18/08/24 06:10:00,26.720,,,,,
820,18/08/24 06:15:00,26.720,,,,,
821,18/08/24 06:20:00,26.720,,,,,
822,18/08/24 06:25:00,26.720,,,,,
823,18/08/24 06:30:00,26.720,,,,,
824,18/08/24 06:35:00,26.720,,,,,
825,18/08/24 06:40:00,26.720,,,,,
826,18/08/24 06:45:00,26.720,,,,,
827,18/08/24 06:50:00,26.744,,,,,
828,18/08/24 06:55:00,26.744,,,,,
829,18/08/24 07:00:00,26.744,,,,,
830,18/08/24 07:05:00,26.744,,,,,
831,18/08/24 07:10:00,26.744,,,,,
832,18/08/24 07:15:00,26.744,,,,,
833,18/08/24 07:20:00,26.744,,,,,
834,18/08/24 07:25:00,26.744,,,,,
835,18/08/24 07:30:00,26.744,,,,,
836,18/08/24 07:35:00,26.744,,,,,
837,18/08/24 07:40:00,26.769,,,,,
838,18/08/24 07:45:00,26.769,,,,,
839,18/08/24 07:50:00,26.769,,,,,
840,18/08/24 07:55:00,26.769,,,,,
841,18/08/24 08:00:00,26.793,,,,,
842,18/08/24 08:05:00,26.793,,,,,
843,18/08/24 08:10:00,26.793,,,,,
844,18/08/24 08:15:00,26.793,,,,,
845,18/08/24 08:20:00,26.793,,,,,
846,18/08/24 08:25:00,26.793,,,,,
847,18/08/24 08:30:00,26.793,,,,,
848,18/08/24 08:35:00,26.793,,,,,
849,18/08/24 08:40:00,26.793,,,,,
850,18/08/24 08:45:00,26.818,,,,,
851,18/08/24 08:50:00,26.818,,,,,
852,18/08/24 08:55:00,26.818,,,,,
853,18/08/24 09:00:00,26.818,,,,,
854,18/08/24 09:05:00,26.818,,,,,
855,18/08/24 09:10:00,26.842,,,,,
856,18/08/24 09:15:00,26.842,,,,,
857,18/08/24 09:20:00,26.842,,,,,
858,18/08/24 09:25:00,26.842,,,,,
859,18/08/24 09:30:00,26.842,,,,,
860,18/08/24 09:35:00,26.842,,,,,
861,18/08/24 09:40:00,26.867,,,,,
862,18/08/24 09:45:00,26.867,,,,,
863,18/08/24 09:50:00,26.867,,,,,
864,18/08/24 09:55:00,26.842,,,,,
865,18/08/24 10:00:00,26.842,,,,,
866,18/08/24 10:05:00,26.867,,,,,
867,18/08/24 10:10:00,26.891,,,,,
868,18/08/24 10:15:00,26.842,,,,,
869,18/08/24 10:20:00,26.842,,,,,
870,18/08/24 10:25:00,26.867,,,,,
871,18/08/24 10:30:00,26.916,,,,,
872,18/08/24 10:35:00,26.891,,,,,
873,18/08/24 10:40:00,26.891,,,,,
874,18/08/24 10:45:00,26.891,,,,,
875,18/08/24 10:50:00,26.916,,,,,
876,18/08/24 10:55:00,26.916,,,,,
877,18/08/24 11:00:00,26.940,,,,,
878,18/08/24 11:05:00,26.916,,,,,
879,18/08/24 11:10:00,26.916,,,,,
880,18/08/24 11:15:00,26.916,,,,,
881,18/08/24 11:20:00,26.916,,,,,
882,18/08/24 11:25:00,26.916,,,,,
883,18/08/24 11:30:00,26.891,,,,,
884,18/08/24 11:35:00,26.867,,,,,
885,18/08/24 11:40:00,26.891,,,,,
886,18/08/24 11:45:00,26.891,,,,,
887,18/08/24 11:50:00,26.891,,,,,
888,18/08/24 11:55:00,26.891,,,,,
889,18/08/24 12:00:00,26.891,,,,,
890,18/08/24 12:05:00,26.891,,,,,
891,18/08/24 12:10:00,26.891,,,,,
892,18/08/24 12:15:00,26.891,,,,,
893,18/08/24 12:20:00,26.891,,,,,
894,18/08/24 12:25:00,26.891,,,,,
895,18/08/24 12:30:00,26.891,,,,,
896,18/08/24 12:35:00,26.891,,,,,
897,18/08/24 12:40:00,26.891,,,,,
898,18/08/24 12:45:00,26.916,,,,,
899,18/08/24 12:50:00,26.891,,,,,
900,18/08/24 12:55:00,26.891,,,,,
901,18/08/24 13:00:00,26.891,,,,,
902,18/08/24 13:05:00,26.891,,,,,
903,18/08/24 13:10:00,26.891,,,,,
904,18/08/24 13:15:00,26.867,,,,,
905,18/08/24 13:20:00,26.891,,,,,
906,18/08/24 13:25:00,26.891,,,,,
907,18/08/24 13:30:00,26.867,,,,,
908,18/08/24 13:35:00,26.867,,,,,
909,18/08/24 13:40:00,26.867,,,,,
910,18/08/24 13:45:00,26.867,,,,,
911,18/08/24 13:50:00,26.867,,,,,
912,18/08/24 13:55:00,26.867,,,,,
913,18/08/24 14:00:00,26.867,,,,,
914,18/08/24 14:05:00,26.867,,,,,
915,18/08/24 14:10:00,26.818,,,,,
916,18/08/24 14:15:00,26.842,,,,,
917,18/08/24 14:20:00,26.842,,,,,
918,18/08/24 14:25:00,26.842,,,,,
919,18/08/24 14:30:00,26.842,,,,,
920,18/08/24 14:35:00,26.842,,,,,
921,18/08/24 14:40:00,26.818,,,,,
922,18/08/24 14:45:00,26.818,,,,,
923,18/08/24 14:50:00,26.818,,,,,
924,18/08/24 14:55:00,26.818,,,,,
925,18/08/24 15:00:00,26.818,,,,,
926,18/08/24 15:05:00,26.818,,,,,
927,18/08/24 15:10:00,26.818,,,,,
928,18/08/24 15:15:00,26.793,,,,,
929,18/08/24 15:20:00,26.818,,,,,
930,18/08/24 15:25:00,26.793,,,,,
931,18/08/24 15:30:00,26.793,,,,,
932,18/08/24 15:35:00,26.793,,,,,
933,18/08/24 15:40:00,26.793,,,,,
934,18/08/24 15:45:00,26.793,,,,,
935,18/08/24 15:50:00,26.793,,,,,
936,18/08/24 15:55:00,26.793,,,,,
937,18/08/24 16:00:00,26.793,,,,,
938,18/08/24 16:05:00,26.769,,,,,
939,18/08/24 16:10:00,26.769,,,,,
940,18/08/24 16:15:00,26.769,,,,,
941,18/08/24 16:20:00,26.769,,,,,
942,18/08/24 16:25:00,26.769,,,,,
943,18/08/24 16:30:00,26.769,,,,,
944,18/08/24 16:35:00,26.769,,,,,
945,18/08/24 16:40:00,26.769,,,,,
946,18/08/24 16:45:00,26.769,,,,,
947,18/08/24 16:50:00,26.769,,,,,
948,18/08/24 16:55:00,26.744,,,,,
949,18/08/24 17:00:00,26.744,,,,,
950,18/08/24 17:05:00,26.744,,,,,
951,18/08/24 17:10:00,26.744,,,,,
952,18/08/24 17:15:00,26.744,,,,,
953,18/08/24 17:20:00,26.744,,,,,
954,18/08/24 17:25:00,26.744,,,,,
955,18/08/24 17:30:00,26.744,,,,,
956,18/08/24 17:35:00,26.744,,,,,
957,18/08/24 17:40:00,26.744,,,,,
958,18/08/24 17:45:00,26.744,,,,,
959,18/08/24 17:50:00,26.744,,,,,
960,18/08/24 17:55:00,26.744,,,,,
961,18/08/24 18:00:00,26.744,,,,,
962,18/08/24 18:05:00,26.744,,,,,
963,18/08/24 18:10:00,26.744,,,,,
964,18/08/24 18:15:00,26.744,,,,,
965,18/08/24 18:20:00,26.744,,,,,
966,18/08/24 18:25:00,26.744,,,,,
967,18/08/24 18:30:00,26.744,,,,,
968,18/08/24 18:35:00,26.744,,,,,
969,18/08/24 18:40:00,26.720,,,,,
970,18/08/24 18:45:00,26.720,,,,,
971,18/08/24 18:50:00,26.720,,,,,
972,18/08/24 18:55:00,26.720,,,,,
973,18/08/24 19:00:00,26.720,,,,,
974,18/08/24 19:05:00,26.695,,,,,
975,18/08/24 19:10:00,26.695,,,,,
976,18/08/24 19:15:00,26.671,,,,,
977,18/08/24 19:20:00,26.671,,,,,
978,18/08/24 19:25:00,26.671,,,,,
979,18/08/24 19:30:00,26.671,,,,,
980,18/08/24 19:35:00,26.671,,,,,
981,18/08/24 19:40:00,26.671,,,,,
982,18/08/24 19:45:00,26.671,,,,,
983,18/08/24 19:50:00,26.671,,,,,
984,18/08/24 19:55:00,26.671,,,,,
985,18/08/24 20:00:00,26.671,,,,,
986,18/08/24 20:05:00,26.671,,,,,
987,18/08/24 20:10:00,26.671,,,,,
988,18/08/24 20:15:00,26.671,,,,,
989,18/08/24 20:20:00,26.671,,,,,
990,18/08/24 20:25:00,26.671,,,,,
991,18/08/24 20:30:00,26.671,,,,,
992,18/08/24 20:35:00,26.671,,,,,
993,18/08/24 20:40:00,26.671,,,,,
994,18/08/24 20:45:00,26.671,,,,,
995,18/08/24 20:50:00,26.671,,,,,
996,18/08/24 20:55:00,26.671,,,,,
997,18/08/24 21:00:00,26.671,,,,,
998,18/08/24 21:05:00,26.695,,,,,
999,18/08/24 21:10:00,26.695,,,,,
1000,18/08/24 21:15:00,26.695,,,,,
1001,18/08/24 21:20:00,26.695,,,,,
1002,18/08/24 21:25:00,26.720,,,,,
1003,18/08/24 21:30:00,26.720,,,,,
1004,18/08/24 21:35:00,26.720,,,,,
1005,18/08/24 21:40:00,26.744,,,,,
1006,18/08/24 21:45:00,26.744,,,,,
1007,18/08/24 21:50:00,26.744,,,,,
1008,18/08/24 21:55:00,26.744,,,,,
1009,18/08/24 22:00:00,26.744,,,,,
1010,18/08/24 22:05:00,26.744,,,,,
1011,18/08/24 22:10:00,26.744,,,,,
1012,18/08/24 22:15:00,26.744,,,,,
1013,18/08/24 22:20:00,26.744,,,,,
1014,18/08/24 22:25:00,26.744,,,,,
1015,18/08/24 22:30:00,26.744,,,,,
1016,18/08/24 22:35:00,26.744,,,,,
1017,18/08/24 22:40:00,26.744,,,,,
1018,18/08/24 22:45:00,26.744,,,,,
1019,18/08/24 22:50:00,26.744,,,,,
1020,18/08/24 22:55:00,26.744,,,,,
1021,18/08/24 23:00:00,26.744,,,,,
1022,18/08/24 23:05:00,26.744,,,,,
1023,18/08/24 23:10:00,26.744,,,,,
1024,18/08/24 23:15:00,26.744,,,,,
1025,18/08/24 23:20:00,26.744,,,,,
1026,18/08/24 23:25:00,26.744,,,,,
1027,18/08/24 23:30:00,26.744,,,,,
1028,18/08/24 23:35:00,26.744,,,,,
1029,18/08/24 23:40:00,26.744,,,,,
1030,18/08/24 23:45:00,26.744,,,,,
1031,18/08/24 23:50:00,26.744,,,,,
1032,18/08/24 23:55:00,26.744,,,,,
1033,18/08/25 00:00:00,26.744,,,,,
1034,18/08/25 00:05:00,26.744,,,,,
1035,18/08/25 00:10:00,26.744,,,,,
1036,18/08/25 00:15:00,26.744,,,,,
1037,18/08/25 00:20:00,26.744,,,,,
1038,18/08/25 00:25:00,26.744,,,,,
1039,18/08/25 00:30:00,26.744,,,,,
1040,18/08/25 00:35:00,26.744,,,,,
1041,18/08/25 00:40:00,26.744,,,,,
1042,18/08/25 00:45:00,26.720,,,,,
1043,18/08/25 00:50:00,26.744,,,,,
1044,18/08/25 00:55:00,26.720,,,,,
1045,18/08/25 01:00:00,26.720,,,,,
1046,18/08/25 01:05:00,26.720,,,,,
1047,18/08/25 01:10:00,26.720,,,,,
1048,18/08/25 01:15:00,26.720,,,,,
1049,18/08/25 01:20:00,26.720,,,,,
1050,18/08/25 01:25:00,26.720,,,,,
1051,18/08/25 01:30:00,26.720,,,,,
1052,18/08/25 01:35:00,26.720,,,,,
1053,18/08/25 01:40:00,26.720,,,,,
1054,18/08/25 01:45:00,26.720,,,,,
1055,18/08/25 01:50:00,26.720,,,,,
1056,18/08/25 01:55:00,26.720,,,,,
1057,18/08/25 02:00:00,26.720,,,,,
1058,18/08/25 02:05:00,26.720,,,,,
1059,18/08/25 02:10:00,26.720,,,,,
1060,18/08/25 02:15:00,26.720,,,,,
1061,18/08/25 02:20:00,26.720,,,,,
1062,18/08/25 02:25:00,26.720,,,,,
1063,18/08/25 02:30:00,26.720,,,,,
1064,18/08/25 02:35:00,26.720,,,,,
1065,18/08/25 02:40:00,26.720,,,,,
1066,18/08/25 02:45:00,26.720,,,,,
1067,18/08/25 02:50:00,26.720,,,,,
1068,18/08/25 02:55:00,26.720,,,,,
1069,18/08/25 03:00:00,26.720,,,,,
1070,18/08/25 03:05:00,26.720,,,,,
1071,18/08/25 03:10:00,26.720,,,,,
1072,18/08/25 03:15:00,26.720,,,,,
1073,18/08/25 03:20:00,26.720,,,,,
1074,18/08/25 03:25:00,26.720,,,,,
1075,18/08/25 03:30:00,26.720,,,,,
1076,18/08/25 03:35:00,26.720,,,,,
1077,18/08/25 03:40:00,26.720,,,,,
1078,18/08/25 03:45:00,26.720,,,,,
1079,18/08/25 03:50:00,26.720,,,,,
1080,18/08/25 03:55:00,26.720,,,,,
1081,18/08/25 04:00:00,26.720,,,,,
1082,18/08/25 04:05:00,26.720,,,,,
1083,18/08/25 04:10:00,26.695,,,,,
1084,18/08/25 04:15:00,26.695,,,,,
1085,18/08/25 04:20:00,26.671,,,,,
1086,18/08/25 04:25:00,26.598,,,,,
1087,18/08/25 04:30:00,26.598,,,,,
1088,18/08/25 04:35:00,26.598,,,,,
1089,18/08/25 04:40:00,26.598,,,,,
1090,18/08/25 04:45:00,26.598,,,,,
1091,18/08/25 04:50:00,26.622,,,,,
1092,18/08/25 04:55:00,26.622,,,,,
1093,18/08/25 05:00:00,26.573,,,,,
1094,18/08/25 05:05:00,26.524,,,,,
1095,18/08/25 05:10:00,26.402,,,,,
1096,18/08/25 05:15:00,26.402,,,,,
1097,18/08/25 05:20:00,26.402,,,,,
1098,18/08/25 05:25:00,26.402,,,,,
1099,18/08/25 05:30:00,26.402,,,,,
1100,18/08/25 05:35:00,26.426,,,,,
1101,18/08/25 05:40:00,26.500,,,,,
1102,18/08/25 05:45:00,26.549,,,,,
1103,18/08/25 05:50:00,26.598,,,,,
1104,18/08/25 05:55:00,26.598,,,,,
1105,18/08/25 06:00:00,26.622,,,,,
1106,18/08/25 06:05:00,26.622,,,,,
1107,18/08/25 06:10:00,26.646,,,,,
1108,18/08/25 06:15:00,26.646,,,,,
1109,18/08/25 06:20:00,26.646,,,,,
1110,18/08/25 06:25:00,26.671,,,,,
1111,18/08/25 06:30:00,26.671,,,,,
1112,18/08/25 06:35:00,26.695,,,,,
1113,18/08/25 06:40:00,26.695,,,,,
1114,18/08/25 06:45:00,26.695,,,,,
1115,18/08/25 06:50:00,26.695,,,,,
1116,18/08/25 06:55:00,26.695,,,,,
1117,18/08/25 07:00:00,26.695,,,,,
1118,18/08/25 07:05:00,26.695,,,,,
1119,18/08/25 07:10:00,26.720,,,,,
1120,18/08/25 07:15:00,26.695,,,,,
1121,18/08/25 07:20:00,26.549,,,,,
1122,18/08/25 07:25:00,26.549,,,,,
1123,18/08/25 07:30:00,26.549,,,,,
1124,18/08/25 07:35:00,26.549,,,,,
1125,18/08/25 07:40:00,26.451,,,,,
1126,18/08/25 07:45:00,26.378,,,,,
1127,18/08/25 07:50:00,26.378,,,,,
1128,18/08/25 07:55:00,26.353,,,,,
1129,18/08/25 08:00:00,26.353,,,,,
1130,18/08/25 08:05:00,26.353,,,,,
1131,18/08/25 08:10:00,26.353,,,,,
1132,18/08/25 08:15:00,26.353,,,,,
1133,18/08/25 08:20:00,26.353,,,,,
1134,18/08/25 08:25:00,26.353,,,,,
1135,18/08/25 08:30:00,26.304,,,,,
1136,18/08/25 08:35:00,26.256,,,,,
1137,18/08/25 08:40:00,26.256,,,,,
1138,18/08/25 08:45:00,26.304,,,,,
1139,18/08/25 08:50:00,26.280,,,,,
1140,18/08/25 08:55:00,26.304,,,,,
1141,18/08/25 09:00:00,26.329,,,,,
1142,18/08/25 09:05:00,26.329,,,,,
1143,18/08/25 09:10:00,26.353,,,,,
1144,18/08/25 09:15:00,26.402,,,,,
1145,18/08/25 09:20:00,26.475,,,,,
1146,18/08/25 09:25:00,26.549,,,,,
1147,18/08/25 09:30:00,26.524,,,,,
1148,18/08/25 09:35:00,26.549,,,,,
1149,18/08/25 09:40:00,26.573,,,,,
1150,18/08/25 09:45:00,26.622,,,,,
1151,18/08/25 09:50:00,26.646,,,,,
1152,18/08/25 09:55:00,26.695,,,,,
1153,18/08/25 10:00:00,26.720,,,,,
1154,18/08/25 10:05:00,26.744,,,,,
1155,18/08/25 10:10:00,26.598,,,,,
1156,18/08/25 10:15:00,26.622,,,,,
1157,18/08/25 10:20:00,26.622,,,,,
1158,18/08/25 10:25:00,26.622,,,,,
1159,18/08/25 10:30:00,26.646,,,,,
1160,18/08/25 10:35:00,26.695,,,,,
1161,18/08/25 10:40:00,26.671,,,,,
1162,18/08/25 10:45:00,26.744,,,,,
1163,18/08/25 10:50:00,26.695,,,,,
1164,18/08/25 10:55:00,26.695,,,,,
1165,18/08/25 11:00:00,26.744,,,,,
1166,18/08/25 11:05:00,26.769,,,,,
1167,18/08/25 11:10:00,26.720,,,,,
1168,18/08/25 11:15:00,26.720,,,,,
1169,18/08/25 11:20:00,26.695,,,,,
1170,18/08/25 11:25:00,26.695,,,,,
1171,18/08/25 11:30:00,26.695,,,,,
1172,18/08/25 11:35:00,26.720,,,,,
1173,18/08/25 11:40:00,26.744,,,,,
1174,18/08/25 11:45:00,26.744,,,,,
1175,18/08/25 11:50:00,26.744,,,,,
1176,18/08/25 11:55:00,26.744,,,,,
1177,18/08/25 12:00:00,26.744,,,,,
1178,18/08/25 12:05:00,26.671,,,,,
1179,18/08/25 12:10:00,26.573,,,,,
1180,18/08/25 12:15:00,26.598,,,,,
1181,18/08/25 12:20:00,26.598,,,,,
1182,18/08/25 12:25:00,26.622,,,,,
1183,18/08/25 12:30:00,26.646,,,,,
1184,18/08/25 12:35:00,26.671,,,,,
1185,18/08/25 12:40:00,26.549,,,,,
1186,18/08/25 12:45:00,26.451,,,,,
1187,18/08/25 12:50:00,26.402,,,,,
1188,18/08/25 12:55:00,26.378,,,,,
1189,18/08/25 13:00:00,26.353,,,,,
1190,18/08/25 13:05:00,26.353,,,,,
1191,18/08/25 13:10:00,26.353,,,,,
1192,18/08/25 13:15:00,26.353,,,,,
1193,18/08/25 13:20:00,26.378,,,,,
1194,18/08/25 13:25:00,26.378,,,,,
1195,18/08/25 13:30:00,26.378,,,,,
1196,18/08/25 13:35:00,26.378,,,,,
1197,18/08/25 13:40:00,26.402,,,,,
1198,18/08/25 13:45:00,26.426,,,,,
1199,18/08/25 13:50:00,26.426,,,,,
1200,18/08/25 13:55:00,26.378,,,,,
1201,18/08/25 14:00:00,26.378,,,,,
1202,18/08/25 14:05:00,26.378,,,,,
1203,18/08/25 14:10:00,26.353,,,,,
1204,18/08/25 14:15:00,26.353,,,,,
1205,18/08/25 14:20:00,26.353,,,,,
1206,18/08/25 14:25:00,26.353,,,,,
1207,18/08/25 14:30:00,26.353,,,,,
1208,18/08/25 14:35:00,26.329,,,,,
1209,18/08/25 14:40:00,26.329,,,,,
1210,18/08/25 14:45:00,26.329,,,,,
1211,18/08/25 14:50:00,26.329,,,,,
1212,18/08/25 14:55:00,26.329,,,,,
1213,18/08/25 15:00:00,26.329,,,,,
1214,18/08/25 15:05:00,26.329,,,,,
1215,18/08/25 15:10:00,26.329,,,,,
1216,18/08/25 15:15:00,26.329,,,,,
1217,18/08/25 15:20:00,26.353,,,,,
1218,18/08/25 15:25:00,26.353,,,,,
1219,18/08/25 15:30:00,26.353,,,,,
1220,18/08/25 15:35:00,26.353,,,,,
1221,18/08/25 15:40:00,26.353,,,,,
1222,18/08/25 15:45:00,26.329,,,,,
1223,18/08/25 15:50:00,26.304,,,,,
1224,18/08/25 15:55:00,26.304,,,,,
1225,18/08/25 16:00:00,26.304,,,,,
1226,18/08/25 16:05:00,26.304,,,,,
1227,18/08/25 16:10:00,26.304,,,,,
1228,18/08/25 16:15:00,26.304,,,,,
1229,18/08/25 16:20:00,26.304,,,,,
1230,18/08/25 16:25:00,26.329,,,,,
1231,18/08/25 16:30:00,26.402,,,,,
1232,18/08/25 16:35:00,26.451,,,,,
1233,18/08/25 16:40:00,26.500,,,,,
1234,18/08/25 16:45:00,26.353,,,,,
1235,18/08/25 16:50:00,26.329,,,,,
1236,18/08/25 16:55:00,26.353,,,,,
1237,18/08/25 17:00:00,26.353,,,,,
1238,18/08/25 17:05:00,26.329,,,,,
1239,18/08/25 17:10:00,26.329,,,,,
1240,18/08/25 17:15:00,26.329,,,,,
1241,18/08/25 17:20:00,26.304,,,,,
1242,18/08/25 17:25:00,26.304,,,,,
1243,18/08/25 17:30:00,26.304,,,,,
1244,18/08/25 17:35:00,26.304,,,,,
1245,18/08/25 17:40:00,26.304,,,,,
1246,18/08/25 17:45:00,26.304,,,,,
1247,18/08/25 17:50:00,26.304,,,,,
1248,18/08/25 17:55:00,26.329,,,,,
1249,18/08/25 18:00:00,26.329,,,,,
1250,18/08/25 18:05:00,26.329,,,,,
1251,18/08/25 18:10:00,26.304,,,,,
1252,18/08/25 18:15:00,26.304,,,,,
1253,18/08/25 18:20:00,26.304,,,,,
1254,18/08/25 18:25:00,26.304,,,,,
1255,18/08/25 18:30:00,26.329,,,,,
1256,18/08/25 18:35:00,26.353,,,,,
1257,18/08/25 18:40:00,26.353,,,,,
1258,18/08/25 18:45:00,26.329,,,,,
1259,18/08/25 18:50:00,26.304,,,,,
1260,18/08/25 18:55:00,26.304,,,,,
1261,18/08/25 19:00:00,26.304,,,,,
1262,18/08/25 19:05:00,26.304,,,,,
1263,18/08/25 19:10:00,26.304,,,,,
1264,18/08/25 19:15:00,26.304,,,,,
1265,18/08/25 19:20:00,26.304,,,,,
1266,18/08/25 19:25:00,26.304,,,,,
1267,18/08/25 19:30:00,26.329,,,,,
1268,18/08/25 19:35:00,26.402,,,,,
1269,18/08/25 19:40:00,26.500,,,,,
1270,18/08/25 19:45:00,26.500,,,,,
1271,18/08/25 19:50:00,26.402,,,,,
1272,18/08/25 19:55:00,26.378,,,,,
1273,18/08/25 20:00:00,26.353,,,,,
1274,18/08/25 20:05:00,26.353,,,,,
1275,18/08/25 20:10:00,26.329,,,,,
1276,18/08/25 20:15:00,26.329,,,,,
1277,18/08/25 20:20:00,26.329,,,,,
1278,18/08/25 20:25:00,26.329,,,,,
1279,18/08/25 20:30:00,26.353,,,,,
1280,18/08/25 20:35:00,26.378,,,,,
1281,18/08/25 20:40:00,26.378,,,,,
1282,18/08/25 20:45:00,26.353,,,,,
1283,18/08/25 20:50:00,26.353,,,,,
1284,18/08/25 20:55:00,26.353,,,,,
1285,18/08/25 21:00:00,26.353,,,,,
1286,18/08/25 21:05:00,26.353,,,,,
1287,18/08/25 21:10:00,26.353,,,,,
1288,18/08/25 21:15:00,26.353,,,,,
1289,18/08/25 21:20:00,26.353,,,,,
1290,18/08/25 21:25:00,26.353,,,,,
1291,18/08/25 21:30:00,26.353,,,,,
1292,18/08/25 21:35:00,26.353,,,,,
1293,18/08/25 21:40:00,26.353,,,,,
1294,18/08/25 21:45:00,26.353,,,,,
1295,18/08/25 21:50:00,26.353,,,,,
1296,18/08/25 21:55:00,26.353,,,,,
1297,18/08/25 22:00:00,26.353,,,,,
1298,18/08/25 22:05:00,26.353,,,,,
1299,18/08/25 22:10:00,26.353,,,,,
1300,18/08/25 22:15:00,26.402,,,,,
1301,18/08/25 22:20:00,26.475,,,,,
1302,18/08/25 22:25:00,26.500,,,,,
1303,18/08/25 22:30:00,26.524,,,,,
1304,18/08/25 22:35:00,26.549,,,,,
1305,18/08/25 22:40:00,26.402,,,,,
1306,18/08/25 22:45:00,26.353,,,,,
1307,18/08/25 22:50:00,26.353,,,,,
1308,18/08/25 22:55:00,26.329,,,,,
1309,18/08/25 23:00:00,26.329,,,,,
1310,18/08/25 23:05:00,26.329,,,,,
1311,18/08/25 23:10:00,26.329,,,,,
1312,18/08/25 23:15:00,26.329,,,,,
1313,18/08/25 23:20:00,26.353,,,,,
1314,18/08/25 23:25:00,26.353,,,,,
1315,18/08/25 23:30:00,26.378,,,,,
1316,18/08/25 23:35:00,26.402,,,,,
1317,18/08/25 23:40:00,26.426,,,,,
1318,18/08/25 23:45:00,26.426,,,,,
1319,18/08/25 23:50:00,26.353,,,,,
1320,18/08/25 23:55:00,26.329,,,,,
1321,18/08/26 00:00:00,26.329,,,,,
1322,18/08/26 00:05:00,26.329,,,,,
1323,18/08/26 00:10:00,26.329,,,,,
1324,18/08/26 00:15:00,26.329,,,,,
1325,18/08/26 00:20:00,26.329,,,,,
1326,18/08/26 00:25:00,26.329,,,,,
1327,18/08/26 00:30:00,26.329,,,,,
1328,18/08/26 00:35:00,26.329,,,,,
1329,18/08/26 00:40:00,26.329,,,,,
1330,18/08/26 00:45:00,26.329,,,,,
1331,18/08/26 00:50:00,26.329,,,,,
1332,18/08/26 00:55:00,26.329,,,,,
1333,18/08/26 01:00:00,26.329,,,,,
1334,18/08/26 01:05:00,26.304,,,,,
1335,18/08/26 01:10:00,26.280,,,,,
1336,18/08/26 01:15:00,26.256,,,,,
1337,18/08/26 01:20:00,26.207,,,,,
1338,18/08/26 01:25:00,26.207,,,,,
1339,18/08/26 01:30:00,26.207,,,,,
1340,18/08/26 01:35:00,26.207,,,,,
1341,18/08/26 01:40:00,26.256,,,,,
1342,18/08/26 01:45:00,26.378,,,,,
1343,18/08/26 01:50:00,26.426,,,,,
1344,18/08/26 01:55:00,26.426,,,,,
1345,18/08/26 02:00:00,26.353,,,,,
1346,18/08/26 02:05:00,26.207,,,,,
1347,18/08/26 02:10:00,26.207,,,,,
1348,18/08/26 02:15:00,26.207,,,,,
1349,18/08/26 02:20:00,26.207,,,,,
1350,18/08/26 02:25:00,26.207,,,,,
1351,18/08/26 02:30:00,26.207,,,,,
1352,18/08/26 02:35:00,26.207,,,,,
1353,18/08/26 02:40:00,26.207,,,,,
1354,18/08/26 02:45:00,26.231,,,,,
1355,18/08/26 02:50:00,26.256,,,,,
1356,18/08/26 02:55:00,26.256,,,,,
1357,18/08/26 03:00:00,26.256,,,,,
1358,18/08/26 03:05:00,26.256,,,,,
1359,18/08/26 03:10:00,26.256,,,,,
1360,18/08/26 03:15:00,26.280,,,,,
1361,18/08/26 03:20:00,26.280,,,,,
1362,18/08/26 03:25:00,26.280,,,,,
1363,18/08/26 03:30:00,26.280,,,,,
1364,18/08/26 03:35:00,26.280,,,,,
1365,18/08/26 03:40:00,26.280,,,,,
1366,18/08/26 03:45:00,26.231,,,,,
1367,18/08/26 03:50:00,26.231,,,,,
1368,18/08/26 03:55:00,26.207,,,,,
1369,18/08/26 04:00:00,26.207,,,,,
1370,18/08/26 04:05:00,26.207,,,,,
1371,18/08/26 04:10:00,26.207,,,,,
1372,18/08/26 04:15:00,26.207,,,,,
1373,18/08/26 04:20:00,26.207,,,,,
1374,18/08/26 04:25:00,26.207,,,,,
1375,18/08/26 04:30:00,26.207,,,,,
1376,18/08/26 04:35:00,26.231,,,,,
1377,18/08/26 04:40:00,26.231,,,,,
1378,18/08/26 04:45:00,26.256,,,,,
1379,18/08/26 04:50:00,26.256,,,,,
1380,18/08/26 04:55:00,26.280,,,,,
1381,18/08/26 05:00:00,26.280,,,,,
1382,18/08/26 05:05:00,26.304,,,,,
1383,18/08/26 05:10:00,26.304,,,,,
1384,18/08/26 05:15:00,26.304,,,,,
1385,18/08/26 05:20:00,26.280,,,,,
1386,18/08/26 05:25:00,26.207,,,,,
1387,18/08/26 05:30:00,26.207,,,,,
1388,18/08/26 05:35:00,26.280,,,,,
1389,18/08/26 05:40:00,26.329,,,,,
1390,18/08/26 05:45:00,26.353,,,,,
1391,18/08/26 05:50:00,26.353,,,,,
1392,18/08/26 05:55:00,26.304,,,,,
1393,18/08/26 06:00:00,26.304,,,,,
1394,18/08/26 06:05:00,26.304,,,,,
1395,18/08/26 06:10:00,26.304,,,,,
1396,18/08/26 06:15:00,26.304,,,,,
1397,18/08/26 06:20:00,26.304,,,,,
1398,18/08/26 06:25:00,26.304,,,,,
1399,18/08/26 06:30:00,26.280,,,,,
1400,18/08/26 06:35:00,26.280,,,,,
1401,18/08/26 06:40:00,26.256,,,,,
1402,18/08/26 06:45:00,26.231,,,,,
1403,18/08/26 06:50:00,26.231,,,,,
1404,18/08/26 06:55:00,26.207,,,,,
1405,18/08/26 07:00:00,26.207,,,,,
1406,18/08/26 07:05:00,26.207,,,,,
1407,18/08/26 07:10:00,26.231,,,,,
1408,18/08/26 07:15:00,26.231,,,,,
1409,18/08/26 07:20:00,26.231,,,,,
1410,18/08/26 07:25:00,26.231,,,,,
1411,18/08/26 07:30:00,26.256,,,,,
1412,18/08/26 07:35:00,26.256,,,,,
1413,18/08/26 07:40:00,26.256,,,,,
1414,18/08/26 07:45:00,26.256,,,,,
1415,18/08/26 07:50:00,26.256,,,,,
1416,18/08/26 07:55:00,26.256,,,,,
1417,18/08/26 08:00:00,26.280,,,,,
1418,18/08/26 08:05:00,26.280,,,,,
1419,18/08/26 08:10:00,26.304,,,,,
1420,18/08/26 08:15:00,26.329,,,,,
1421,18/08/26 08:20:00,26.329,,,,,
1422,18/08/26 08:25:00,26.353,,,,,
1423,18/08/26 08:30:00,26.353,,,,,
1424,18/08/26 08:35:00,26.353,,,,,
1425,18/08/26 08:40:00,26.353,,,,,
1426,18/08/26 08:45:00,26.378,,,,,
1427,18/08/26 08:50:00,26.378,,,,,
1428,18/08/26 08:55:00,26.378,,,,,
1429,18/08/26 09:00:00,26.378,,,,,
1430,18/08/26 09:05:00,26.378,,,,,
1431,18/08/26 09:10:00,26.378,,,,,
1432,18/08/26 09:15:00,26.353,,,,,
1433,18/08/26 09:20:00,26.353,,,,,
1434,18/08/26 09:25:00,26.353,,,,,
1435,18/08/26 09:30:00,26.353,,,,,
1436,18/08/26 09:35:00,26.353,,,,,
1437,18/08/26 09:40:00,26.304,,,,,
1438,18/08/26 09:45:00,26.304,,,,,
1439,18/08/26 09:50:00,26.304,,,,,
1440,18/08/26 09:55:00,26.304,,,,,
1441,18/08/26 10:00:00,26.329,,,,,
1442,18/08/26 10:05:00,26.353,,,,,
1443,18/08/26 10:10:00,26.353,,,,,
1444,18/08/26 10:15:00,26.329,,,,,
1445,18/08/26 10:20:00,26.304,,,,,
1446,18/08/26 10:25:00,26.329,,,,,
1447,18/08/26 10:30:00,26.353,,,,,
1448,18/08/26 10:35:00,26.353,,,,,
1449,18/08/26 10:40:00,26.353,,,,,
1450,18/08/26 10:45:00,26.353,,,,,
1451,18/08/26 10:50:00,26.353,,,,,
1452,18/08/26 10:55:00,26.353,,,,,
1453,18/08/26 11:00:00,26.353,,,,,
1454,18/08/26 11:05:00,26.378,,,,,
1455,18/08/26 11:10:00,26.353,,,,,
1456,18/08/26 11:15:00,26.353,,,,,
1457,18/08/26 11:20:00,26.353,,,,,
1458,18/08/26 11:25:00,26.378,,,,,
1459,18/08/26 11:30:00,26.402,,,,,
1460,18/08/26 11:35:00,26.402,,,,,
1461,18/08/26 11:40:00,26.378,,,,,
1462,18/08/26 11:45:00,26.378,,,,,
1463,18/08/26 11:50:00,26.378,,,,,
1464,18/08/26 11:55:00,26.378,,,,,
1465,18/08/26 12:00:00,26.378,,,,,
1466,18/08/26 12:05:00,26.378,,,,,
1467,18/08/26 12:10:00,26.378,,,,,
1468,18/08/26 12:15:00,26.378,,,,,
1469,18/08/26 12:20:00,26.402,,,,,
1470,18/08/26 12:25:00,26.402,,,,,
1471,18/08/26 12:30:00,26.426,,,,,
1472,18/08/26 12:35:00,26.426,,,,,
1473,18/08/26 12:40:00,26.426,,,,,
1474,18/08/26 12:45:00,26.426,,,,,
1475,18/08/26 12:50:00,26.426,,,,,
1476,18/08/26 12:55:00,26.426,,,,,
1477,18/08/26 13:00:00,26.451,,,,,
1478,18/08/26 13:05:00,26.451,,,,,
1479,18/08/26 13:10:00,26.500,,,,,
1480,18/08/26 13:15:00,26.500,,,,,
1481,18/08/26 13:20:00,26.549,,,,,
1482,18/08/26 13:25:00,26.573,,,,,
1483,18/08/26 13:30:00,26.573,,,,,
1484,18/08/26 13:35:00,26.598,,,,,
1485,18/08/26 13:40:00,26.622,,,,,
1486,18/08/26 13:45:00,26.622,,,,,
1487,18/08/26 13:50:00,26.646,,,,,
1488,18/08/26 13:55:00,26.549,,,,,
1489,18/08/26 14:00:00,26.475,,,,,
1490,18/08/26 14:05:00,26.475,,,,,
1491,18/08/26 14:10:00,26.475,,,,,
1492,18/08/26 14:15:00,26.475,,,,,
1493,18/08/26 14:20:00,26.304,,,,,
1494,18/08/26 14:25:00,26.256,,,,,
1495,18/08/26 14:30:00,26.231,,,,,
1496,18/08/26 14:35:00,26.231,,,,,
1497,18/08/26 14:40:00,26.231,,,,,
1498,18/08/26 14:45:00,26.207,,,,,
1499,18/08/26 14:50:00,26.207,,,,,
1500,18/08/26 14:55:00,26.207,,,,,
1501,18/08/26 15:00:00,26.207,,,,,
1502,18/08/26 15:05:00,26.207,,,,,
1503,18/08/26 15:10:00,26.207,,,,,
1504,18/08/26 15:15:00,26.207,,,,,
1505,18/08/26 15:20:00,26.207,,,,,
1506,18/08/26 15:25:00,26.207,,,,,
1507,18/08/26 15:30:00,26.207,,,,,
1508,18/08/26 15:35:00,26.207,,,,,
1509,18/08/26 15:40:00,26.207,,,,,
1510,18/08/26 15:45:00,26.207,,,,,
1511,18/08/26 15:50:00,26.207,,,,,
1512,18/08/26 15:55:00,26.207,,,,,
1513,18/08/26 16:00:00,26.207,,,,,
1514,18/08/26 16:05:00,26.182,,,,,
1515,18/08/26 16:10:00,26.182,,,,,
1516,18/08/26 16:15:00,26.207,,,,,
1517,18/08/26 16:20:00,26.207,,,,,
1518,18/08/26 16:25:00,26.207,,,,,
1519,18/08/26 16:30:00,26.207,,,,,
1520,18/08/26 16:35:00,26.182,,,,,
1521,18/08/26 16:40:00,26.182,,,,,
1522,18/08/26 16:45:00,26.182,,,,,
1523,18/08/26 16:50:00,26.182,,,,,
1524,18/08/26 16:55:00,26.182,,,,,
1525,18/08/26 17:00:00,26.182,,,,,
1526,18/08/26 17:05:00,26.182,,,,,
1527,18/08/26 17:10:00,26.182,,,,,
1528,18/08/26 17:15:00,26.182,,,,,
1529,18/08/26 17:20:00,26.182,,,,,
1530,18/08/26 17:25:00,26.182,,,,,
1531,18/08/26 17:30:00,26.182,,,,,
1532,18/08/26 17:35:00,26.207,,,,,
1533,18/08/26 17:40:00,26.256,,,,,
1534,18/08/26 17:45:00,26.329,,,,,
1535,18/08/26 17:50:00,26.378,,,,,
1536,18/08/26 17:55:00,26.280,,,,,
1537,18/08/26 18:00:00,26.207,,,,,
1538,18/08/26 18:05:00,26.207,,,,,
1539,18/08/26 18:10:00,26.182,,,,,
1540,18/08/26 18:15:00,26.182,,,,,
1541,18/08/26 18:20:00,26.182,,,,,
1542,18/08/26 18:25:00,26.182,,,,,
1543,18/08/26 18:30:00,26.182,,,,,
1544,18/08/26 18:35:00,26.182,,,,,
1545,18/08/26 18:40:00,26.182,,,,,
1546,18/08/26 18:45:00,26.182,,,,,
1547,18/08/26 18:50:00,26.182,,,,,
1548,18/08/26 18:55:00,26.182,,,,,
1549,18/08/26 19:00:00,26.182,,,,,
1550,18/08/26 19:05:00,26.182,,,,,
1551,18/08/26 19:10:00,26.182,,,,,
1552,18/08/26 19:15:00,26.182,,,,,
1553,18/08/26 19:20:00,26.207,,,,,
1554,18/08/26 19:25:00,26.231,,,,,
1555,18/08/26 19:30:00,26.280,,,,,
1556,18/08/26 19:35:00,26.280,,,,,
1557,18/08/26 19:40:00,26.280,,,,,
1558,18/08/26 19:45:00,26.304,,,,,
1559,18/08/26 19:50:00,26.329,,,,,
1560,18/08/26 19:55:00,26.353,,,,,
1561,18/08/26 20:00:00,26.329,,,,,
1562,18/08/26 20:05:00,26.304,,,,,
1563,18/08/26 20:10:00,26.304,,,,,
1564,18/08/26 20:15:00,26.304,,,,,
1565,18/08/26 20:20:00,26.256,,,,,
1566,18/08/26 20:25:00,26.256,,,,,
1567,18/08/26 20:30:00,26.231,,,,,
1568,18/08/26 20:35:00,26.231,,,,,
1569,18/08/26 20:40:00,26.231,,,,,
1570,18/08/26 20:45:00,26.231,,,,,
1571,18/08/26 20:50:00,26.231,,,,,
1572,18/08/26 20:55:00,26.256,,,,,
1573,18/08/26 21:00:00,26.256,,,,,
1574,18/08/26 21:05:00,26.256,,,,,
1575,18/08/26 21:10:00,26.256,,,,,
1576,18/08/26 21:15:00,26.256,,,,,
1577,18/08/26 21:20:00,26.256,,,,,
1578,18/08/26 21:25:00,26.256,,,,,
1579,18/08/26 21:30:00,26.256,,,,,
1580,18/08/26 21:35:00,26.256,,,,,
1581,18/08/26 21:40:00,26.256,,,,,
1582,18/08/26 21:45:00,26.256,,,,,
1583,18/08/26 21:50:00,26.256,,,,,
1584,18/08/26 21:55:00,26.256,,,,,
1585,18/08/26 22:00:00,26.256,,,,,
1586,18/08/26 22:05:00,26.256,,,,,
1587,18/08/26 22:10:00,26.256,,,,,
1588,18/08/26 22:15:00,26.256,,,,,
1589,18/08/26 22:20:00,26.256,,,,,
1590,18/08/26 22:25:00,26.256,,,,,
1591,18/08/26 22:30:00,26.256,,,,,
1592,18/08/26 22:35:00,26.256,,,,,
1593,18/08/26 22:40:00,26.256,,,,,
1594,18/08/26 22:45:00,26.280,,,,,
1595,18/08/26 22:50:00,26.280,,,,,
1596,18/08/26 22:55:00,26.280,,,,,
1597,18/08/26 23:00:00,26.256,,,,,
1598,18/08/26 23:05:00,26.256,,,,,
1599,18/08/26 23:10:00,26.256,,,,,
1600,18/08/26 23:15:00,26.280,,,,,
1601,18/08/26 23:20:00,26.280,,,,,
1602,18/08/26 23:25:00,26.304,,,,,
1603,18/08/26 23:30:00,26.353,,,,,
1604,18/08/26 23:35:00,26.378,,,,,
1605,18/08/26 23:40:00,26.426,,,,,
1606,18/08/26 23:45:00,26.426,,,,,
1607,18/08/26 23:50:00,26.426,,,,,
1608,18/08/26 23:55:00,26.426,,,,,
1609,18/08/27 00:00:00,26.451,,,,,
1610,18/08/27 00:05:00,26.451,,,,,
1611,18/08/27 00:10:00,26.451,,,,,
1612,18/08/27 00:15:00,26.451,,,,,
1613,18/08/27 00:20:00,26.475,,,,,
1614,18/08/27 00:25:00,26.475,,,,,
1615,18/08/27 00:30:00,26.475,,,,,
1616,18/08/27 00:35:00,26.475,,,,,
1617,18/08/27 00:40:00,26.475,,,,,
1618,18/08/27 00:45:00,26.426,,,,,
1619,18/08/27 00:50:00,26.329,,,,,
1620,18/08/27 00:55:00,26.304,,,,,
1621,18/08/27 01:00:00,26.304,,,,,
1622,18/08/27 01:05:00,26.304,,,,,
1623,18/08/27 01:10:00,26.280,,,,,
1624,18/08/27 01:15:00,26.280,,,,,
1625,18/08/27 01:20:00,26.280,,,,,
1626,18/08/27 01:25:00,26.280,,,,,
1627,18/08/27 01:30:00,26.280,,,,,
1628,18/08/27 01:35:00,26.256,,,,,
1629,18/08/27 01:40:00,26.256,,,,,
1630,18/08/27 01:45:00,26.256,,,,,
1631,18/08/27 01:50:00,26.256,,,,,
1632,18/08/27 01:55:00,26.256,,,,,
1633,18/08/27 02:00:00,26.256,,,,,
1634,18/08/27 02:05:00,26.256,,,,,
1635,18/08/27 02:10:00,26.256,,,,,
1636,18/08/27 02:15:00,26.256,,,,,
1637,18/08/27 02:20:00,26.256,,,,,
1638,18/08/27 02:25:00,26.256,,,,,
1639,18/08/27 02:30:00,26.256,,,,,
1640,18/08/27 02:35:00,26.256,,,,,
1641,18/08/27 02:40:00,26.256,,,,,
1642,18/08/27 02:45:00,26.256,,,,,
1643,18/08/27 02:50:00,26.256,,,,,
1644,18/08/27 02:55:00,26.256,,,,,
1645,18/08/27 03:00:00,26.256,,,,,
1646,18/08/27 03:05:00,26.256,,,,,
1647,18/08/27 03:10:00,26.256,,,,,
1648,18/08/27 03:15:00,26.256,,,,,
1649,18/08/27 03:20:00,26.256,,,,,
1650,18/08/27 03:25:00,26.256,,,,,
1651,18/08/27 03:30:00,26.280,,,,,
1652,18/08/27 03:35:00,26.280,,,,,
1653,18/08/27 03:40:00,26.280,,,,,
1654,18/08/27 03:45:00,26.280,,,,,
1655,18/08/27 03:50:00,26.304,,,,,
1656,18/08/27 03:55:00,26.329,,,,,
1657,18/08/27 04:00:00,26.353,,,,,
1658,18/08/27 04:05:00,26.451,,,,,
1659,18/08/27 04:10:00,26.573,,,,,
1660,18/08/27 04:15:00,26.598,,,,,
1661,18/08/27 04:20:00,26.646,,,,,
1662,18/08/27 04:25:00,26.646,,,,,
1663,18/08/27 04:30:00,26.671,,,,,
1664,18/08/27 04:35:00,26.695,,,,,
1665,18/08/27 04:40:00,26.573,,,,,
1666,18/08/27 04:45:00,26.500,,,,,
1667,18/08/27 04:50:00,26.549,,,,,
1668,18/08/27 04:55:00,26.549,,,,,
1669,18/08/27 05:00:00,26.402,,,,,
1670,18/08/27 05:05:00,26.329,,,,,
1671,18/08/27 05:10:00,26.280,,,,,
1672,18/08/27 05:15:00,26.256,,,,,
1673,18/08/27 05:20:00,26.256,,,,,
1674,18/08/27 05:25:00,26.256,,,,,
1675,18/08/27 05:30:00,26.256,,,,,
1676,18/08/27 05:35:00,26.256,,,,,
1677,18/08/27 05:40:00,26.256,,,,,
1678,18/08/27 05:45:00,26.256,,,,,
1679,18/08/27 05:50:00,26.256,,,,,
1680,18/08/27 05:55:00,26.256,,,,,
1681,18/08/27 06:00:00,26.280,,,,,
1682,18/08/27 06:05:00,26.256,,,,,
1683,18/08/27 06:10:00,26.256,,,,,
1684,18/08/27 06:15:00,26.256,,,,,
1685,18/08/27 06:20:00,26.256,,,,,
1686,18/08/27 06:25:00,26.256,,,,,
1687,18/08/27 06:30:00,26.256,,,,,
1688,18/08/27 06:35:00,26.256,,,,,
1689,18/08/27 06:40:00,26.256,,,,,
1690,18/08/27 06:45:00,26.256,,,,,
1691,18/08/27 06:50:00,26.256,,,,,
1692,18/08/27 06:55:00,26.256,,,,,
1693,18/08/27 07:00:00,26.256,,,,,
1694,18/08/27 07:05:00,26.256,,,,,
1695,18/08/27 07:10:00,26.280,,,,,
1696,18/08/27 07:15:00,26.280,,,,,
1697,18/08/27 07:20:00,26.280,,,,,
1698,18/08/27 07:25:00,26.280,,,,,
1699,18/08/27 07:30:00,26.280,,,,,
1700,18/08/27 07:35:00,26.280,,,,,
1701,18/08/27 07:40:00,26.280,,,,,
1702,18/08/27 07:45:00,26.256,,,,,
1703,18/08/27 07:50:00,26.280,,,,,
1704,18/08/27 07:55:00,26.280,,,,,
1705,18/08/27 08:00:00,26.280,,,,,
1706,18/08/27 08:05:00,26.280,,,,,
1707,18/08/27 08:10:00,26.280,,,,,
1708,18/08/27 08:15:00,26.280,,,,,
1709,18/08/27 08:20:00,26.280,,,,,
1710,18/08/27 08:25:00,26.280,,,,,
1711,18/08/27 08:30:00,26.304,,,,,
1712,18/08/27 08:35:00,26.304,,,,,
1713,18/08/27 08:40:00,26.280,,,,,
1714,18/08/27 08:45:00,26.280,,,,,
1715,18/08/27 08:50:00,26.280,,,,,
1716,18/08/27 08:55:00,26.280,,,,,
1717,18/08/27 09:00:00,26.304,,,,,
1718,18/08/27 09:05:00,26.304,,,,,
1719,18/08/27 09:10:00,26.304,,,,,
1720,18/08/27 09:15:00,26.329,,,,,
1721,18/08/27 09:20:00,26.329,,,,,
1722,18/08/27 09:25:00,26.353,,,,,
1723,18/08/27 09:30:00,26.378,,,,,
1724,18/08/27 09:35:00,26.402,,,,,
1725,18/08/27 09:40:00,26.402,,,,,
1726,18/08/27 09:45:00,26.451,,,,,
1727,18/08/27 09:50:00,26.500,,,,,
1728,18/08/27 09:55:00,26.549,,,,,
1729,18/08/27 10:00:00,26.598,,,,,
1730,18/08/27 10:05:00,26.646,,,,,
1731,18/08/27 10:10:00,26.671,,,,,
1732,18/08/27 10:15:00,26.646,,,,,
1733,18/08/27 10:20:00,26.598,,,,,
1734,18/08/27 10:25:00,26.475,,,,,
1735,18/08/27 10:30:00,26.426,,,,,
1736,18/08/27 10:35:00,26.426,,,,,
1737,18/08/27 10:40:00,26.426,,,,,
1738,18/08/27 10:45:00,26.426,,,,,
1739,18/08/27 10:50:00,26.451,,,,,
1740,18/08/27 10:55:00,26.426,,,,,
1741,18/08/27 11:00:00,26.426,,,,,
1742,18/08/27 11:05:00,26.426,,,,,
1743,18/08/27 11:10:00,26.426,,,,,
1744,18/08/27 11:15:00,26.426,,,,,
1745,18/08/27 11:20:00,26.426,,,,,
1746,18/08/27 11:25:00,26.426,,,,,
1747,18/08/27 11:30:00,26.426,,,,,
1748,18/08/27 11:35:00,26.426,,,,,
1749,18/08/27 11:40:00,26.426,,,,,
1750,18/08/27 11:45:00,26.378,,,,,
1751,18/08/27 11:50:00,26.402,,,,,
1752,18/08/27 11:55:00,26.402,,,,,
1753,18/08/27 12:00:00,26.353,,,,,
1754,18/08/27 12:05:00,26.304,,,,,
1755,18/08/27 12:10:00,26.353,,,,,
1756,18/08/27 12:15:00,26.329,,,,,
1757,18/08/27 12:20:00,26.304,,,,,
1758,18/08/27 12:25:00,26.304,,,,,
1759,18/08/27 12:30:00,26.304,,,,,
1760,18/08/27 12:35:00,26.256,,,,,
1761,18/08/27 12:40:00,26.280,,,,,
1762,18/08/27 12:45:00,26.280,,,,,
1763,18/08/27 12:50:00,26.280,,,,,
1764,18/08/27 12:55:00,26.280,,,,,
1765,18/08/27 13:00:00,26.280,,,,,
1766,18/08/27 13:05:00,26.280,,,,,
1767,18/08/27 13:10:00,26.304,,,,,
1768,18/08/27 13:15:00,26.304,,,,,
1769,18/08/27 13:20:00,26.353,,,,,
1770,18/08/27 13:25:00,26.378,,,,,
1771,18/08/27 13:30:00,26.402,,,,,
1772,18/08/27 13:35:00,26.402,,,,,
1773,18/08/27 13:40:00,26.426,,,,,
1774,18/08/27 13:45:00,26.451,,,,,
1775,18/08/27 13:50:00,26.475,,,,,
1776,18/08/27 13:55:00,26.475,,,,,
1777,18/08/27 14:00:00,26.500,,,,,
1778,18/08/27 14:05:00,26.500,,,,,
1779,18/08/27 14:10:00,26.524,,,,,
1780,18/08/27 14:15:00,26.524,,,,,
1781,18/08/27 14:20:00,26.475,,,,,
1782,18/08/27 14:25:00,26.451,,,,,
1783,18/08/27 14:30:00,26.426,,,,,
1784,18/08/27 14:35:00,26.402,,,,,
1785,18/08/27 14:40:00,26.426,,,,,
1786,18/08/27 14:45:00,26.426,,,,,
1787,18/08/27 14:50:00,26.451,,,,,
1788,18/08/27 14:55:00,26.451,,,,,
1789,18/08/27 15:00:00,26.475,,,,,
1790,18/08/27 15:05:00,26.500,,,,,
1791,18/08/27 15:10:00,26.549,,,,,
1792,18/08/27 15:15:00,26.598,,,,,
1793,18/08/27 15:20:00,26.622,,,,,
1794,18/08/27 15:25:00,26.622,,,,,
1795,18/08/27 15:30:00,26.646,,,,,
1796,18/08/27 15:35:00,26.451,,,,,
1797,18/08/27 15:40:00,26.426,,,,,
1798,18/08/27 15:45:00,26.426,,,,,
1799,18/08/27 15:50:00,26.426,,,,,
1800,18/08/27 15:55:00,26.426,,,,,
1801,18/08/27 16:00:00,26.451,,,,,
1802,18/08/27 16:05:00,26.475,,,,,
1803,18/08/27 16:10:00,26.451,,,,,
1804,18/08/27 16:15:00,26.475,,,,,
1805,18/08/27 16:20:00,26.500,,,,,
1806,18/08/27 16:25:00,26.524,,,,,
1807,18/08/27 16:30:00,26.549,,,,,
1808,18/08/27 16:35:00,26.549,,,,,
1809,18/08/27 16:40:00,26.549,,,,,
1810,18/08/27 16:45:00,26.549,,,,,
1811,18/08/27 16:50:00,26.573,,,,,
1812,18/08/27 16:55:00,26.598,,,,,
1813,18/08/27 17:00:00,26.598,,,,,
1814,18/08/27 17:05:00,26.598,,,,,
1815,18/08/27 17:10:00,26.598,,,,,
1816,18/08/27 17:15:00,26.598,,,,,
1817,18/08/27 17:20:00,26.402,,,,,
1818,18/08/27 17:25:00,26.378,,,,,
1819,18/08/27 17:30:00,26.378,,,,,
1820,18/08/27 17:35:00,26.378,,,,,
1821,18/08/27 17:40:00,26.378,,,,,
1822,18/08/27 17:45:00,26.353,,,,,
1823,18/08/27 17:50:00,26.353,,,,,
1824,18/08/27 17:55:00,26.378,,,,,
1825,18/08/27 18:00:00,26.402,,,,,
1826,18/08/27 18:05:00,26.475,,,,,
1827,18/08/27 18:10:00,26.524,,,,,
1828,18/08/27 18:15:00,26.549,,,,,
1829,18/08/27 18:20:00,26.500,,,,,
1830,18/08/27 18:25:00,26.524,,,,,
1831,18/08/27 18:30:00,26.524,,,,,
1832,18/08/27 18:35:00,26.549,,,,,
1833,18/08/27 18:40:00,26.524,,,,,
1834,18/08/27 18:45:00,26.549,,,,,
1835,18/08/27 18:50:00,26.549,,,,,
1836,18/08/27 18:55:00,26.573,,,,,
1837,18/08/27 19:00:00,26.573,,,,,
1838,18/08/27 19:05:00,26.598,,,,,
1839,18/08/27 19:10:00,26.598,,,,,
1840,18/08/27 19:15:00,26.598,,,,,
1841,18/08/27 19:20:00,26.598,,,,,
1842,18/08/27 19:25:00,26.598,,,,,
1843,18/08/27 19:30:00,26.598,,,,,
1844,18/08/27 19:35:00,26.573,,,,,
1845,18/08/27 19:40:00,26.598,,,,,
1846,18/08/27 19:45:00,26.598,,,,,
1847,18/08/27 19:50:00,26.598,,,,,
1848,18/08/27 19:55:00,26.573,,,,,
1849,18/08/27 20:00:00,26.573,,,,,
1850,18/08/27 20:05:00,26.475,,,,,
1851,18/08/27 20:10:00,26.451,,,,,
1852,18/08/27 20:15:00,26.451,,,,,
1853,18/08/27 20:20:00,26.426,,,,,
1854,18/08/27 20:25:00,26.378,,,,,
1855,18/08/27 20:30:00,26.353,,,,,
1856,18/08/27 20:35:00,26.329,,,,,
1857,18/08/27 20:40:00,26.304,,,,,
1858,18/08/27 20:45:00,26.280,,,,,
1859,18/08/27 20:50:00,26.256,,,,,
1860,18/08/27 20:55:00,26.256,,,,,
1861,18/08/27 21:00:00,26.256,,,,,
1862,18/08/27 21:05:00,26.231,,,,,
1863,18/08/27 21:10:00,26.231,,,,,
1864,18/08/27 21:15:00,26.231,,,,,
1865,18/08/27 21:20:00,26.231,,,,,
1866,18/08/27 21:25:00,26.207,,,,,
1867,18/08/27 21:30:00,26.231,,,,,
1868,18/08/27 21:35:00,26.207,,,,,
1869,18/08/27 21:40:00,26.231,,,,,
1870,18/08/27 21:45:00,26.207,,,,,
1871,18/08/27 21:50:00,26.231,,,,,
1872,18/08/27 21:55:00,26.231,,,,,
1873,18/08/27 22:00:00,26.207,,,,,
1874,18/08/27 22:05:00,26.207,,,,,
1875,18/08/27 22:10:00,26.207,,,,,
1876,18/08/27 22:15:00,26.207,,,,,
1877,18/08/27 22:20:00,26.207,,,,,
1878,18/08/27 22:25:00,26.207,,,,,
1879,18/08/27 22:30:00,26.207,,,,,
1880,18/08/27 22:35:00,26.207,,,,,
1881,18/08/27 22:40:00,26.207,,,,,
1882,18/08/27 22:45:00,26.207,,,,,
1883,18/08/27 22:50:00,26.231,,,,,
1884,18/08/27 22:55:00,26.256,,,,,
1885,18/08/27 23:00:00,26.280,,,,,
1886,18/08/27 23:05:00,26.280,,,,,
1887,18/08/27 23:10:00,26.256,,,,,
1888,18/08/27 23:15:00,26.256,,,,,
1889,18/08/27 23:20:00,26.256,,,,,
1890,18/08/27 23:25:00,26.256,,,,,
1891,18/08/27 23:30:00,26.256,,,,,
1892,18/08/27 23:35:00,26.280,,,,,
1893,18/08/27 23:40:00,26.304,,,,,
1894,18/08/27 23:45:00,26.353,,,,,
1895,18/08/27 23:50:00,26.402,,,,,
1896,18/08/27 23:55:00,26.475,,,,,
1897,18/08/28 00:00:00,26.500,,,,,
1898,18/08/28 00:05:00,26.524,,,,,
1899,18/08/28 00:10:00,26.549,,,,,
1900,18/08/28 00:15:00,26.549,,,,,
1901,18/08/28 00:20:00,26.598,,,,,
1902,18/08/28 00:25:00,26.598,,,,,
1903,18/08/28 00:30:00,26.598,,,,,
1904,18/08/28 00:35:00,26.573,,,,,
1905,18/08/28 00:40:00,26.500,,,,,
1906,18/08/28 00:45:00,26.451,,,,,
1907,18/08/28 00:50:00,26.500,,,,,
1908,18/08/28 00:55:00,26.475,,,,,
1909,18/08/28 01:00:00,26.402,,,,,
1910,18/08/28 01:05:00,26.402,,,,,
1911,18/08/28 01:10:00,26.402,,,,,
1912,18/08/28 01:15:00,26.426,,,,,
1913,18/08/28 01:20:00,26.451,,,,,
1914,18/08/28 01:25:00,26.451,,,,,
1915,18/08/28 01:30:00,26.451,,,,,
1916,18/08/28 01:35:00,26.500,,,,,
1917,18/08/28 01:40:00,26.475,,,,,
1918,18/08/28 01:45:00,26.426,,,,,
1919,18/08/28 01:50:00,26.329,,,,,
1920,18/08/28 01:55:00,26.280,,,,,
1921,18/08/28 02:00:00,26.231,,,,,
1922,18/08/28 02:05:00,26.231,,,,,
1923,18/08/28 02:10:00,26.207,,,,,
1924,18/08/28 02:15:00,26.182,,,,,
1925,18/08/28 02:20:00,26.134,,,,,
1926,18/08/28 02:25:00,26.134,,,,,
1927,18/08/28 02:30:00,26.134,,,,,
1928,18/08/28 02:35:00,26.134,,,,,
1929,18/08/28 02:40:00,26.158,,,,,
1930,18/08/28 02:45:00,26.158,,,,,
1931,18/08/28 02:50:00,26.158,,,,,
1932,18/08/28 02:55:00,26.158,,,,,
1933,18/08/28 03:00:00,26.158,,,,,
1934,18/08/28 03:05:00,26.158,,,,,
1935,18/08/28 03:10:00,26.158,,,,,
1936,18/08/28 03:15:00,26.134,,,,,
1937,18/08/28 03:20:00,26.134,,,,,
1938,18/08/28 03:25:00,26.158,,,,,
1939,18/08/28 03:30:00,26.158,,,,,
1940,18/08/28 03:35:00,26.158,,,,,
1941,18/08/28 03:40:00,26.158,,,,,
1942,18/08/28 03:45:00,26.134,,,,,
1943,18/08/28 03:50:00,26.158,,,,,
1944,18/08/28 03:55:00,26.158,,,,,
1945,18/08/28 04:00:00,26.158,,,,,
1946,18/08/28 04:05:00,26.158,,,,,
1947,18/08/28 04:10:00,26.158,,,,,
1948,18/08/28 04:15:00,26.182,,,,,
1949,18/08/28 04:20:00,26.256,,,,,
1950,18/08/28 04:25:00,26.378,,,,,
1951,18/08/28 04:30:00,26.500,,,,,
1952,18/08/28 04:35:00,26.598,,,,,
1953,18/08/28 04:40:00,26.646,,,,,
1954,18/08/28 04:45:00,26.671,,,,,
1955,18/08/28 04:50:00,26.695,,,,,
1956,18/08/28 04:55:00,26.695,,,,,
1957,18/08/28 05:00:00,26.671,,,,,
1958,18/08/28 05:05:00,26.524,,,,,
1959,18/08/28 05:10:00,26.353,,,,,
1960,18/08/28 05:15:00,26.353,,,,,
1961,18/08/28 05:20:00,26.353,,,,,
1962,18/08/28 05:25:00,26.280,,,,,
1963,18/08/28 05:30:00,26.280,,,,,
1964,18/08/28 05:35:00,26.353,,,,,
1965,18/08/28 05:40:00,26.402,,,,,
1966,18/08/28 05:45:00,26.451,,,,,
1967,18/08/28 05:50:00,26.500,,,,,
1968,18/08/28 05:55:00,26.500,,,,,
1969,18/08/28 06:00:00,26.500,,,,,
1970,18/08/28 06:05:00,26.500,,,,,
1971,18/08/28 06:10:00,26.329,,,,,
1972,18/08/28 06:15:00,26.256,,,,,
1973,18/08/28 06:20:00,26.231,,,,,
1974,18/08/28 06:25:00,26.207,,,,,
1975,18/08/28 06:30:00,26.182,,,,,
1976,18/08/28 06:35:00,26.182,,,,,
1977,18/08/28 06:40:00,26.158,,,,,
1978,18/08/28 06:45:00,26.109,,,,,
1979,18/08/28 06:50:00,26.109,,,,,
1980,18/08/28 06:55:00,26.134,,,,,
1981,18/08/28 07:00:00,26.134,,,,,
1982,18/08/28 07:05:00,26.134,,,,,
1983,18/08/28 07:10:00,26.134,,,,,
1984,18/08/28 07:15:00,26.158,,,,,
1985,18/08/28 07:20:00,26.158,,,,,
1986,18/08/28 07:25:00,26.158,,,,,
1987,18/08/28 07:30:00,26.158,,,,,
1988,18/08/28 07:35:00,26.182,,,,,
1989,18/08/28 07:40:00,26.280,,,,,
1990,18/08/28 07:45:00,26.353,,,,,
1991,18/08/28 07:50:00,26.353,,,,,
1992,18/08/28 07:55:00,26.378,,,,,
1993,18/08/28 08:00:00,26.256,,,,,
1994,18/08/28 08:05:00,26.207,,,,,
1995,18/08/28 08:10:00,26.207,,,,,
1996,18/08/28 08:15:00,26.182,,,,,
1997,18/08/28 08:20:00,26.182,,,,,
1998,18/08/28 08:25:00,26.207,,,,,
1999,18/08/28 08:30:00,26.207,,,,,
2000,18/08/28 08:35:00,26.207,,,,,
2001,18/08/28 08:40:00,26.207,,,,,
2002,18/08/28 08:45:00,26.207,,,,,
2003,18/08/28 08:50:00,26.207,,,,,
2004,18/08/28 08:55:00,26.207,,,,,
2005,18/08/28 09:00:00,26.207,,,,,
2006,18/08/28 09:05:00,26.231,,,,,
2007,18/08/28 09:10:00,26.231,,,,,
2008,18/08/28 09:15:00,26.207,,,,,
2009,18/08/28 09:20:00,26.182,,,,,
2010,18/08/28 09:25:00,26.182,,,,,
2011,18/08/28 09:30:00,26.182,,,,,
2012,18/08/28 09:35:00,26.182,,,,,
2013,18/08/28 09:40:00,26.207,,,,,
2014,18/08/28 09:45:00,26.231,,,,,
2015,18/08/28 09:50:00,26.280,,,,,
2016,18/08/28 09:55:00,26.304,,,,,
2017,18/08/28 10:00:00,26.329,,,,,
2018,18/08/28 10:05:00,26.353,,,,,
2019,18/08/28 10:10:00,26.353,,,,,
2020,18/08/28 10:15:00,26.378,,,,,
2021,18/08/28 10:20:00,26.402,,,,,
2022,18/08/28 10:25:00,26.402,,,,,
2023,18/08/28 10:30:00,26.402,,,,,
2024,18/08/28 10:35:00,26.402,,,,,
2025,18/08/28 10:40:00,26.402,,,,,
2026,18/08/28 10:45:00,26.378,,,,,
2027,18/08/28 10:50:00,26.378,,,,,
2028,18/08/28 10:55:00,26.378,,,,,
2029,18/08/28 11:00:00,26.402,,,,,
2030,18/08/28 11:05:00,26.598,,,,,
2031,18/08/28 11:10:00,26.695,,,,,
2032,18/08/28 11:15:00,27.333,,,,,
2033,18/08/28 11:20:00,26.842,,,,,
2034,18/08/28 11:25:00,29.365,,,,,
2035,18/08/28 11:30:00,29.389,,,,,
2036,18/08/28 11:35:00,26.695,,,,,
2037,18/08/28 11:40:00,25.186,,,,,
2038,18/08/28 11:45:00,24.267,,,,,
2039,18/08/28 11:50:00,24.050,,,,,
2040,18/08/28 11:55:00,23.857,,,,,
2041,18/08/28 12:00:00,24.339,,,,,
2042,18/08/28 12:05:00,24.171,,,,,
2043,18/08/28 12:10:00,23.665,,,,,
2044,18/08/28 12:15:00,23.184,,,,,
2045,18/08/28 12:20:00,22.872,,,,,
2046,18/08/28 12:25:00,22.657,,,,,
2047,18/08/28 12:30:00,22.681,,,,,
2048,18/08/28 12:35:00,22.776,,,,,
2049,18/08/28 12:40:00,22.776,,,,,
2050,18/08/28 12:45:00,22.776,,,,,
2051,18/08/28 12:50:00,22.824,,,,,
2052,18/08/28 12:55:00,22.872,,,,,
2053,18/08/28 13:00:00,23.088,,,,,
2054,18/08/28 13:05:00,23.064,,,,,
2055,18/08/28 13:10:00,23.136,,,,,
2056,18/08/28 13:10:07,,,Enregistré,,,
2057,18/08/28 13:10:09,,,,Enregistré,,
2058,18/08/28 13:10:23,,,,,Enregistré,Enregistré
